Fecha;Region Hidrologica;Nombre Río;Aportes Caudal m3/s;Aportes Energía kWh;Aportes %
2018-01-01;ANTIOQUIA;A. SAN LORENZO;20,18;4.594.500,00;83,69%
2018-01-01;ANTIOQUIA;CONCEPCION;5,62;1.550.600,00;109,97%
2018-01-01;ANTIOQUIA;DESV. EEPPM (NEC,PAJ,DOL);7,09;1.956.400,00;88,52%
2018-01-01;ANTIOQUIA;DESV. MANSO;8,92;424.200,00;81,58%
2018-01-01;ANTIOQUIA;GRANDE;25,77;8.797.600,00;111,64%
2018-01-01;ANTIOQUIA;GUADALUPE;12,38;3.417.200,00;89,93%
2018-01-01;ANTIOQUIA;GUATAPE;47,62;8.015.700,00;197,43%
2018-01-01;ANTIOQUIA;MIEL I;72,93;3.469.400,00;85,66%
2018-01-01;ANTIOQUIA;NARE;27,00;9.479.800,00;73,15%
2018-01-01;ANTIOQUIA;PORCE II;53,08;6.895.700,00;95,11%
2018-01-01;ANTIOQUIA;PORCE III;3,05;232.900,00;15,42%
2018-01-01;ANTIOQUIA;SAN CARLOS;25,97;3.403.200,00;146,06%
2018-01-01;ANTIOQUIA;TENCHE;2,31;638.800,00;86,32%
2018-01-01;CARIBE;SINU URRA;158,99;1.698.000,00;95,39%
2018-01-01;CENTRO;AMOYA;17,93;2.091.500,00;134,94%
2018-01-01;CENTRO;BETANIA CP;173,82;2.482.100,00;125,36%
2018-01-01;CENTRO;BOGOTA N.R.;47,33;18.634.700,00;538,58%
2018-01-01;CENTRO;EL QUIMBO;179,31;7.191.000,00;125,72%
2018-01-01;CENTRO;PRADO;140,52;1.639.700,00;303,65%
2018-01-01;CENTRO;SOGAMOSO;221,96;6.950.000,00;111,92%
2018-01-01;ORIENTE;BATA;28,05;4.646.700,00;180,81%
2018-01-01;ORIENTE;CHUZA;2,96;1.165.400,00;107,91%
2018-01-01;ORIENTE;GUAVIO;36,71;8.693.700,00;205,04%
2018-01-01;RIOS ESTIMADOS;OTROS RIOS (ESTIMADOS);;9.968.100,00;109,66%
2018-01-01;VALLE;ALTOANCHICAYA;52,74;5.619.100,00;124,87%
2018-01-01;VALLE;CALIMA;19,33;865.200,00;176,57%
2018-01-01;VALLE;CAUCA SALVAJINA;225,50;5.328.100,00;138,75%
2018-01-01;VALLE;DIGUA;32,76;418.400,00;123,06%
2018-01-01;VALLE;FLORIDA II;13,24;264.800,00;203,69%
2018-01-02;ANTIOQUIA;A. SAN LORENZO;29,30;6.671.900,00;121,53%
2018-01-02;ANTIOQUIA;CONCEPCION;6,67;1.839.900,00;130,49%
2018-01-02;ANTIOQUIA;DESV. EEPPM (NEC,PAJ,DOL);9,60;2.649.000,00;119,86%
2018-01-02;ANTIOQUIA;DESV. MANSO;10,81;514.000,00;98,85%
2018-01-02;ANTIOQUIA;GRANDE;30,19;10.305.700,00;130,78%
2018-01-02;ANTIOQUIA;GUADALUPE;22,14;6.111.700,00;160,83%
2018-01-02;ANTIOQUIA;GUATAPE;46,50;7.827.500,00;192,80%
2018-01-02;ANTIOQUIA;MIEL I;77,77;3.699.900,00;91,36%
2018-01-02;ANTIOQUIA;NARE;37,17;13.052.500,00;100,71%
2018-01-02;ANTIOQUIA;PORCE II;90,59;11.767.700,00;162,31%
2018-01-02;ANTIOQUIA;PORCE III;19,94;1.522.600,00;100,83%
2018-01-02;ANTIOQUIA;SAN CARLOS;23,59;3.091.500,00;132,68%
2018-01-02;ANTIOQUIA;TENCHE;3,85;1.062.000,00;143,51%
2018-01-02;CARIBE;SINU URRA;207,51;2.216.200,00;124,51%
2018-01-02;CENTRO;AMOYA;15,70;1.831.500,00;118,16%
2018-01-02;CENTRO;BETANIA CP;273,57;3.906.600,00;197,30%
2018-01-02;CENTRO;BOGOTA N.R.;10,54;4.149.800,00;119,94%
2018-01-02;CENTRO;EL QUIMBO;232,27;9.315.000,00;162,85%
2018-01-02;CENTRO;PRADO;65,47;764.000,00;141,48%
2018-01-02;CENTRO;SOGAMOSO;243,40;7.621.700,00;122,73%
2018-01-02;ORIENTE;BATA;27,24;4.512.500,00;175,58%
2018-01-02;ORIENTE;CHUZA;2,92;1.149.700,00;106,45%
2018-01-02;ORIENTE;GUAVIO;30,77;7.287.000,00;171,86%
2018-01-02;RIOS ESTIMADOS;OTROS RIOS (ESTIMADOS);;12.982.600,00;142,82%
2018-01-02;VALLE;ALTOANCHICAYA;47,09;5.017.100,00;111,49%
2018-01-02;VALLE;CALIMA;19,37;867.000,00;176,94%
2018-01-02;VALLE;CAUCA SALVAJINA;250,27;5.913.400,00;153,99%
2018-01-02;VALLE;DIGUA;29,71;379.400,00;111,59%
2018-01-02;VALLE;FLORIDA II;14,84;296.800,00;228,31%
2018-01-03;ANTIOQUIA;A. SAN LORENZO;30,24;6.886.200,00;125,43%
2018-01-03;ANTIOQUIA;CONCEPCION;8,20;2.263.000,00;160,50%
2018-01-03;ANTIOQUIA;DESV. EEPPM (NEC,PAJ,DOL);10,04;2.770.700,00;125,37%
2018-01-03;ANTIOQUIA;DESV. MANSO;10,55;501.700,00;96,48%
2018-01-03;ANTIOQUIA;GRANDE;30,33;10.352.800,00;131,38%
2018-01-03;ANTIOQUIA;GUADALUPE;34,36;9.484.700,00;249,60%
2018-01-03;ANTIOQUIA;GUATAPE;56,80;9.560.900,00;235,49%
2018-01-03;ANTIOQUIA;MIEL I;83,30;3.962.600,00;97,84%
2018-01-03;ANTIOQUIA;NARE;46,31;16.261.500,00;125,47%
2018-01-03;ANTIOQUIA;PORCE II;61,07;7.933.700,00;109,43%
2018-01-03;ANTIOQUIA;PORCE III;13,77;1.051.300,00;69,62%
2018-01-03;ANTIOQUIA;SAN CARLOS;30,09;3.942.500,00;169,21%
2018-01-03;ANTIOQUIA;TENCHE;7,67;2.117.800,00;286,19%
2018-01-03;CARIBE;SINU URRA;297,06;3.172.600,00;178,24%
2018-01-03;CENTRO;AMOYA;14,92;1.740.600,00;112,30%
2018-01-03;CENTRO;BETANIA CP;196,48;2.805.700,00;141,70%
2018-01-03;CENTRO;BOGOTA N.R.;39,01;15.358.900,00;443,90%
2018-01-03;CENTRO;EL QUIMBO;161,59;6.480.400,00;113,29%
2018-01-03;CENTRO;PRADO;67,80;791.100,00;146,50%
2018-01-03;CENTRO;SOGAMOSO;268,60;8.410.500,00;135,43%
2018-01-03;ORIENTE;BATA;22,87;3.788.600,00;147,42%
2018-01-03;ORIENTE;CHUZA;3,51;1.381.900,00;127,95%
2018-01-03;ORIENTE;GUAVIO;24,65;5.837.600,00;137,68%
2018-01-03;RIOS ESTIMADOS;OTROS RIOS (ESTIMADOS);;13.307.200,00;146,39%
2018-01-03;VALLE;ALTOANCHICAYA;43,41;4.625.000,00;102,78%
2018-01-03;VALLE;CALIMA;19,42;869.200,00;177,39%
2018-01-03;VALLE;CAUCA SALVAJINA;209,76;4.956.200,00;129,07%
2018-01-03;VALLE;DIGUA;27,73;354.100,00;104,15%
2018-01-03;VALLE;FLORIDA II;14,10;282.000,00;216,92%
2018-01-04;ANTIOQUIA;A. SAN LORENZO;27,50;6.262.900,00;114,08%
2018-01-04;ANTIOQUIA;CONCEPCION;4,37;1.206.100,00;85,54%
2018-01-04;ANTIOQUIA;DESV. EEPPM (NEC,PAJ,DOL);9,03;2.492.400,00;112,78%
2018-01-04;ANTIOQUIA;DESV. MANSO;10,31;490.500,00;94,33%
2018-01-04;ANTIOQUIA;GRANDE;32,80;11.195.600,00;142,08%
2018-01-04;ANTIOQUIA;GUADALUPE;19,13;5.280.800,00;138,97%
2018-01-04;ANTIOQUIA;GUATAPE;67,07;11.289.800,00;278,07%
2018-01-04;ANTIOQUIA;MIEL I;85,96;4.089.500,00;100,98%
2018-01-04;ANTIOQUIA;NARE;58,93;20.690.300,00;159,65%
2018-01-04;ANTIOQUIA;PORCE II;83,80;10.886.300,00;150,16%
2018-01-04;ANTIOQUIA;PORCE III;19,39;1.480.900,00;98,07%
2018-01-04;ANTIOQUIA;SAN CARLOS;33,21;4.351.400,00;186,76%
2018-01-04;ANTIOQUIA;TENCHE;3,81;1.052.800,00;142,27%
2018-01-04;CARIBE;SINU URRA;294,10;3.141.000,00;176,46%
2018-01-04;CENTRO;AMOYA;12,74;1.485.800,00;95,86%
2018-01-04;CENTRO;BETANIA CP;208,27;2.974.100,00;150,21%
2018-01-04;CENTRO;BOGOTA N.R.;19,68;7.748.400,00;223,94%
2018-01-04;CENTRO;EL QUIMBO;173,87;6.972.900,00;121,90%
2018-01-04;CENTRO;PRADO;60,00;700.100,00;129,65%
2018-01-04;CENTRO;SOGAMOSO;241,28;7.555.100,00;121,66%
2018-01-04;ORIENTE;BATA;20,14;3.336.300,00;129,82%
2018-01-04;ORIENTE;CHUZA;1,04;409.500,00;37,92%
2018-01-04;ORIENTE;GUAVIO;18,40;4.357.500,00;102,77%
2018-01-04;RIOS ESTIMADOS;OTROS RIOS (ESTIMADOS);;12.771.800,00;140,50%
2018-01-04;VALLE;ALTOANCHICAYA;49,83;5.309.000,00;117,98%
2018-01-04;VALLE;CALIMA;19,46;871.000,00;177,76%
2018-01-04;VALLE;CAUCA SALVAJINA;204,30;4.827.200,00;125,71%
2018-01-04;VALLE;DIGUA;31,19;398.300,00;117,15%
2018-01-04;VALLE;FLORIDA II;12,57;251.400,00;193,38%
2018-01-05;ANTIOQUIA;A. SAN LORENZO;50,61;11.524.200,00;209,91%
2018-01-05;ANTIOQUIA;CONCEPCION;5,09;1.405.400,00;99,67%
2018-01-05;ANTIOQUIA;DESV. EEPPM (NEC,PAJ,DOL);10,10;2.788.100,00;126,16%
2018-01-05;ANTIOQUIA;DESV. MANSO;9,00;428.300,00;82,37%
2018-01-05;ANTIOQUIA;GRANDE;29,80;10.172.200,00;129,09%
2018-01-05;ANTIOQUIA;GUADALUPE;17,14;4.730.400,00;124,48%
2018-01-05;ANTIOQUIA;GUATAPE;86,16;14.504.200,00;357,25%
2018-01-05;ANTIOQUIA;MIEL I;88,13;4.192.800,00;103,53%
2018-01-05;ANTIOQUIA;NARE;43,38;15.231.700,00;117,53%
2018-01-05;ANTIOQUIA;PORCE II;81,81;10.626.900,00;146,58%
2018-01-05;ANTIOQUIA;PORCE III;19,82;1.513.400,00;100,23%
2018-01-05;ANTIOQUIA;SAN CARLOS;46,92;6.148.400,00;263,88%
2018-01-05;ANTIOQUIA;TENCHE;3,06;844.400,00;114,11%
2018-01-05;CARIBE;SINU URRA;398,64;4.257.500,00;239,19%
2018-01-05;CENTRO;AMOYA;11,00;1.283.000,00;82,77%
2018-01-05;CENTRO;BETANIA CP;151,46;2.162.800,00;109,23%
2018-01-05;CENTRO;BOGOTA N.R.;25,24;9.937.400,00;287,21%
2018-01-05;CENTRO;EL QUIMBO;159,90;6.412.600,00;112,11%
2018-01-05;CENTRO;PRADO;244,37;2.851.500,00;528,06%
2018-01-05;CENTRO;SOGAMOSO;241,67;7.567.200,00;121,86%
2018-01-05;ORIENTE;BATA;18,22;3.018.300,00;117,44%
2018-01-05;ORIENTE;CHUZA;2,60;1.023.700,00;94,79%
2018-01-05;ORIENTE;GUAVIO;13,22;3.130.800,00;73,84%
2018-01-05;RIOS ESTIMADOS;OTROS RIOS (ESTIMADOS);;13.174.100,00;144,93%
2018-01-05;VALLE;ALTOANCHICAYA;42,29;4.505.700,00;100,13%
2018-01-05;VALLE;CALIMA;19,51;873.200,00;178,20%
2018-01-05;VALLE;CAUCA SALVAJINA;198,19;4.682.800,00;121,95%
2018-01-05;VALLE;DIGUA;27,12;346.300,00;101,85%
2018-01-05;VALLE;FLORIDA II;11,45;229.000,00;176,15%
2018-01-06;ANTIOQUIA;A. SAN LORENZO;20,24;4.608.600,00;83,95%
2018-01-06;ANTIOQUIA;CONCEPCION;4,76;1.312.600,00;93,09%
2018-01-06;ANTIOQUIA;DESV. EEPPM (NEC,PAJ,DOL);9,07;2.504.300,00;113,32%
2018-01-06;ANTIOQUIA;DESV. MANSO;9,94;472.900,00;90,94%
2018-01-06;ANTIOQUIA;GRANDE;28,82;9.836.700,00;124,83%
2018-01-06;ANTIOQUIA;GUADALUPE;14,48;3.997.200,00;105,19%
2018-01-06;ANTIOQUIA;GUATAPE;39,13;6.587.500,00;162,25%
2018-01-06;ANTIOQUIA;MIEL I;92,94;4.421.300,00;109,17%
2018-01-06;ANTIOQUIA;NARE;34,55;12.132.600,00;93,62%
2018-01-06;ANTIOQUIA;PORCE II;74,21;9.640.300,00;132,97%
2018-01-06;ANTIOQUIA;PORCE III;3,03;231.600,00;15,34%
2018-01-06;ANTIOQUIA;SAN CARLOS;21,87;2.865.100,00;122,97%
2018-01-06;ANTIOQUIA;TENCHE;2,28;629.700,00;85,09%
2018-01-06;CARIBE;SINU URRA;294,21;3.142.200,00;176,53%
2018-01-06;CENTRO;AMOYA;11,25;1.312.800,00;84,70%
2018-01-06;CENTRO;BETANIA CP;142,29;2.031.900,00;102,62%
2018-01-06;CENTRO;BOGOTA N.R.;23,63;9.303.500,00;268,89%
2018-01-06;CENTRO;EL QUIMBO;148,87;5.970.300,00;104,38%
2018-01-06;CENTRO;PRADO;157,04;1.832.500,00;339,35%
2018-01-06;CENTRO;SOGAMOSO;245,46;7.686.100,00;123,77%
2018-01-06;ORIENTE;BATA;22,01;3.646.100,00;141,87%
2018-01-06;ORIENTE;CHUZA;1,04;409.500,00;37,92%
2018-01-06;ORIENTE;GUAVIO;18,39;4.355.100,00;102,71%
2018-01-06;RIOS ESTIMADOS;OTROS RIOS (ESTIMADOS);;10.405.700,00;114,47%
2018-01-06;VALLE;ALTOANCHICAYA;38,72;4.125.400,00;91,68%
2018-01-06;VALLE;CALIMA;19,55;875.000,00;178,57%
2018-01-06;VALLE;CAUCA SALVAJINA;168,87;3.990.100,00;103,91%
2018-01-06;VALLE;DIGUA;25,20;321.800,00;94,65%
2018-01-06;VALLE;FLORIDA II;10,42;208.400,00;160,31%
2018-01-07;ANTIOQUIA;A. SAN LORENZO;18,09;4.119.300,00;75,03%
2018-01-07;ANTIOQUIA;CONCEPCION;4,19;1.156.900,00;82,05%
2018-01-07;ANTIOQUIA;DESV. EEPPM (NEC,PAJ,DOL);8,11;2.239.900,00;101,35%
2018-01-07;ANTIOQUIA;DESV. MANSO;8,71;414.500,00;79,71%
2018-01-07;ANTIOQUIA;GRANDE;18,43;6.290.700,00;79,83%
2018-01-07;ANTIOQUIA;GUADALUPE;11,83;3.266.200,00;85,95%
2018-01-07;ANTIOQUIA;GUATAPE;35,26;5.935.400,00;146,19%
2018-01-07;ANTIOQUIA;MIEL I;75,50;3.591.600,00;88,68%
2018-01-07;ANTIOQUIA;NARE;22,56;7.921.100,00;61,12%
2018-01-07;ANTIOQUIA;PORCE II;68,44;8.891.000,00;122,63%
2018-01-07;ANTIOQUIA;PORCE III;16,90;1.290.600,00;85,47%
2018-01-07;ANTIOQUIA;SAN CARLOS;19,09;2.500.900,00;107,33%
2018-01-07;ANTIOQUIA;TENCHE;2,29;632.100,00;85,42%
2018-01-07;CARIBE;SINU URRA;247,72;2.645.600,00;148,63%
2018-01-07;CENTRO;AMOYA;11,54;1.346.000,00;86,84%
2018-01-07;CENTRO;BETANIA CP;137,58;1.964.600,00;99,22%
2018-01-07;CENTRO;BOGOTA N.R.;31,42;12.370.600,00;357,53%
2018-01-07;CENTRO;EL QUIMBO;135,98;5.453.300,00;95,34%
2018-01-07;CENTRO;PRADO;81,71;953.500,00;176,57%
2018-01-07;CENTRO;SOGAMOSO;216,69;6.785.200,00;109,26%
2018-01-07;ORIENTE;BATA;18,73;3.102.800,00;120,73%
2018-01-07;ORIENTE;CHUZA;1,56;614.200,00;56,87%
2018-01-07;ORIENTE;GUAVIO;11,18;2.647.600,00;62,44%
2018-01-07;RIOS ESTIMADOS;OTROS RIOS (ESTIMADOS);;9.509.500,00;104,61%
2018-01-07;VALLE;ALTOANCHICAYA;50,78;5.410.300,00;120,23%
2018-01-07;VALLE;CALIMA;15,24;682.100,00;139,20%
2018-01-07;VALLE;CAUCA SALVAJINA;165,96;3.921.300,00;102,12%
2018-01-07;VALLE;DIGUA;31,70;404.800,00;119,06%
2018-01-07;VALLE;FLORIDA II;10,36;207.200,00;159,38%
2018-01-08;ANTIOQUIA;A. SAN LORENZO;17,39;3.959.000,00;72,11%
2018-01-08;ANTIOQUIA;CONCEPCION;4,17;1.150.600,00;81,60%
2018-01-08;ANTIOQUIA;DESV. EEPPM (NEC,PAJ,DOL);7,72;2.130.000,00;96,38%
2018-01-08;ANTIOQUIA;DESV. MANSO;8,36;397.800,00;76,50%
2018-01-08;ANTIOQUIA;GRANDE;17,01;5.806.400,00;73,69%
2018-01-08;ANTIOQUIA;GUADALUPE;17,62;4.863.400,00;127,98%
2018-01-08;ANTIOQUIA;GUATAPE;38,68;6.510.600,00;160,36%
2018-01-08;ANTIOQUIA;MIEL I;87,75;4.174.600,00;103,08%
2018-01-08;ANTIOQUIA;NARE;15,42;5.415.500,00;41,79%
2018-01-08;ANTIOQUIA;PORCE II;51,87;6.737.900,00;92,94%
2018-01-08;ANTIOQUIA;PORCE III;25,15;1.920.600,00;127,19%
2018-01-08;ANTIOQUIA;SAN CARLOS;17,98;2.356.300,00;101,13%
2018-01-08;ANTIOQUIA;TENCHE;2,30;634.900,00;85,80%
2018-01-08;CARIBE;SINU URRA;229,15;2.447.300,00;137,49%
2018-01-08;CENTRO;AMOYA;10,48;1.222.000,00;78,84%
2018-01-08;CENTRO;BETANIA CP;133,58;1.907.500,00;96,34%
2018-01-08;CENTRO;BOGOTA N.R.;9,79;3.854.500,00;111,40%
2018-01-08;CENTRO;EL QUIMBO;134,34;5.387.600,00;94,19%
2018-01-08;CENTRO;PRADO;77,39;903.000,00;167,22%
2018-01-08;CENTRO;SOGAMOSO;206,17;6.455.700,00;103,96%
2018-01-08;ORIENTE;BATA;14,89;2.466.600,00;95,98%
2018-01-08;ORIENTE;CHUZA;1,04;409.500,00;37,92%
2018-01-08;ORIENTE;GUAVIO;18,34;4.343.300,00;102,44%
2018-01-08;RIOS ESTIMADOS;OTROS RIOS (ESTIMADOS);;8.463.500,00;93,11%
2018-01-08;VALLE;ALTOANCHICAYA;40,51;4.316.100,00;95,91%
2018-01-08;VALLE;CALIMA;17,46;781.500,00;159,49%
2018-01-08;VALLE;CAUCA SALVAJINA;162,46;3.838.600,00;99,96%
2018-01-08;VALLE;DIGUA;26,16;334.100,00;98,26%
2018-01-08;VALLE;FLORIDA II;10,81;216.200,00;166,31%
2018-01-09;ANTIOQUIA;A. SAN LORENZO;26,24;5.974.000,00;108,82%
2018-01-09;ANTIOQUIA;CONCEPCION;4,77;1.316.500,00;93,37%
2018-01-09;ANTIOQUIA;DESV. EEPPM (NEC,PAJ,DOL);8,34;2.302.800,00;104,20%
2018-01-09;ANTIOQUIA;DESV. MANSO;10,78;512.800,00;98,62%
2018-01-09;ANTIOQUIA;GRANDE;26,13;8.918.400,00;113,18%
2018-01-09;ANTIOQUIA;GUADALUPE;16,69;4.606.400,00;121,22%
2018-01-09;ANTIOQUIA;GUATAPE;54,00;9.090.100,00;223,89%
2018-01-09;ANTIOQUIA;MIEL I;144,70;6.883.500,00;169,96%
2018-01-09;ANTIOQUIA;NARE;49,90;17.521.700,00;135,20%
2018-01-09;ANTIOQUIA;PORCE II;112,24;14.580.200,00;201,11%
2018-01-09;ANTIOQUIA;PORCE III;14,26;1.088.700,00;72,10%
2018-01-09;ANTIOQUIA;SAN CARLOS;37,45;4.906.900,00;210,60%
2018-01-09;ANTIOQUIA;TENCHE;3,08;849.400,00;114,78%
2018-01-09;CARIBE;SINU URRA;259,54;2.771.900,00;155,72%
2018-01-09;CENTRO;AMOYA;9,30;1.084.700,00;69,98%
2018-01-09;CENTRO;BETANIA CP;124,96;1.784.400,00;90,12%
2018-01-09;CENTRO;BOGOTA N.R.;39,10;15.394.400,00;444,92%
2018-01-09;CENTRO;EL QUIMBO;127,78;5.124.500,00;89,59%
2018-01-09;CENTRO;PRADO;112,98;1.318.300,00;244,13%
2018-01-09;CENTRO;SOGAMOSO;223,69;7.004.500,00;112,79%
2018-01-09;ORIENTE;BATA;18,80;3.114.400,00;121,18%
2018-01-09;ORIENTE;CHUZA;1,04;409.500,00;37,92%
2018-01-09;ORIENTE;GUAVIO;13,74;3.253.900,00;76,74%
2018-01-09;RIOS ESTIMADOS;OTROS RIOS (ESTIMADOS);;12.445.500,00;136,91%
2018-01-09;VALLE;ALTOANCHICAYA;39,02;4.157.300,00;92,38%
2018-01-09;VALLE;CALIMA;21,88;979.300,00;199,86%
2018-01-09;VALLE;CAUCA SALVAJINA;172,87;4.084.600,00;106,37%
2018-01-09;VALLE;DIGUA;25,36;323.900,00;95,26%
2018-01-09;VALLE;FLORIDA II;10,70;214.000,00;164,62%
2018-01-10;ANTIOQUIA;A. SAN LORENZO;29,00;6.602.400,00;120,26%
2018-01-10;ANTIOQUIA;CONCEPCION;6,98;1.927.900,00;136,73%
2018-01-10;ANTIOQUIA;DESV. EEPPM (NEC,PAJ,DOL);10,15;2.801.900,00;126,78%
2018-01-10;ANTIOQUIA;DESV. MANSO;11,88;565.200,00;108,69%
2018-01-10;ANTIOQUIA;GRANDE;40,80;13.926.700,00;176,73%
2018-01-10;ANTIOQUIA;GUADALUPE;18,62;5.140.000,00;135,26%
2018-01-10;ANTIOQUIA;GUATAPE;58,62;9.868.100,00;243,06%
2018-01-10;ANTIOQUIA;MIEL I;112,32;5.343.500,00;131,94%
2018-01-10;ANTIOQUIA;NARE;52,67;18.494.700,00;142,71%
2018-01-10;ANTIOQUIA;PORCE II;89,29;11.598.300,00;159,98%
2018-01-10;ANTIOQUIA;PORCE III;10,44;797.500,00;52,81%
2018-01-10;ANTIOQUIA;SAN CARLOS;35,23;4.616.500,00;198,13%
2018-01-10;ANTIOQUIA;TENCHE;3,06;843.300,00;113,96%
2018-01-10;CARIBE;SINU URRA;213,84;2.283.800,00;128,30%
2018-01-10;CENTRO;AMOYA;13,37;1.559.600,00;100,62%
2018-01-10;CENTRO;BETANIA CP;179,37;2.561.400,00;129,36%
2018-01-10;CENTRO;BOGOTA N.R.;35,18;13.851.000,00;400,32%
2018-01-10;CENTRO;EL QUIMBO;147,01;5.895.700,00;103,07%
2018-01-10;CENTRO;PRADO;337,76;3.941.300,00;729,87%
2018-01-10;CENTRO;SOGAMOSO;458,48;14.356.200,00;231,18%
2018-01-10;ORIENTE;BATA;19,32;3.200.500,00;124,53%
2018-01-10;ORIENTE;CHUZA;0,52;204.700,00;18,95%
2018-01-10;ORIENTE;GUAVIO;16,66;3.945.400,00;93,05%
2018-01-10;RIOS ESTIMADOS;OTROS RIOS (ESTIMADOS);;13.706.500,00;150,79%
2018-01-10;VALLE;ALTOANCHICAYA;25,77;2.745.600,00;61,01%
2018-01-10;VALLE;CALIMA;13,15;588.600,00;120,12%
2018-01-10;VALLE;CAUCA SALVAJINA;162,00;3.827.700,00;99,68%
2018-01-10;VALLE;DIGUA;18,21;232.500,00;68,38%
2018-01-10;VALLE;FLORIDA II;10,70;214.000,00;164,62%
2018-01-11;ANTIOQUIA;A. SAN LORENZO;35,12;7.997.800,00;145,68%
2018-01-11;ANTIOQUIA;CONCEPCION;5,33;1.470.800,00;104,31%
2018-01-11;ANTIOQUIA;DESV. EEPPM (NEC,PAJ,DOL);10,17;2.808.000,00;127,06%
2018-01-11;ANTIOQUIA;DESV. MANSO;8,65;411.700,00;79,17%
2018-01-11;ANTIOQUIA;GRANDE;30,70;10.480.800,00;133,01%
2018-01-11;ANTIOQUIA;GUADALUPE;14,76;4.075.600,00;107,25%
2018-01-11;ANTIOQUIA;GUATAPE;71,59;12.050.800,00;296,82%
2018-01-11;ANTIOQUIA;MIEL I;121,79;5.793.900,00;143,06%
2018-01-11;ANTIOQUIA;NARE;51,10;17.944.100,00;138,46%
2018-01-11;ANTIOQUIA;PORCE II;74,69;9.702.200,00;133,82%
2018-01-11;ANTIOQUIA;PORCE III;9,45;721.600,00;47,79%
2018-01-11;ANTIOQUIA;SAN CARLOS;45,56;5.969.300,00;256,19%
2018-01-11;ANTIOQUIA;TENCHE;3,07;846.600,00;114,41%
2018-01-11;CARIBE;SINU URRA;189,83;2.027.400,00;113,90%
2018-01-11;CENTRO;AMOYA;10,87;1.267.600,00;81,78%
2018-01-11;CENTRO;BETANIA CP;132,23;1.888.200,00;95,36%
2018-01-11;CENTRO;BOGOTA N.R.;24,46;9.630.300,00;278,33%
2018-01-11;CENTRO;EL QUIMBO;139,37;5.589.300,00;97,72%
2018-01-11;CENTRO;PRADO;92,31;1.077.100,00;199,46%
2018-01-11;CENTRO;SOGAMOSO;339,97;10.645.400,00;171,42%
2018-01-11;ORIENTE;BATA;17,97;2.976.900,00;115,83%
2018-01-11;ORIENTE;CHUZA;1,56;614.200,00;56,87%
2018-01-11;ORIENTE;GUAVIO;13,21;3.128.400,00;73,78%
2018-01-11;RIOS ESTIMADOS;OTROS RIOS (ESTIMADOS);;12.192.000,00;134,13%
2018-01-11;VALLE;ALTOANCHICAYA;27,53;2.933.100,00;65,18%
2018-01-11;VALLE;CALIMA;13,18;589.900,00;120,39%
2018-01-11;VALLE;CAUCA SALVAJINA;152,22;3.596.700,00;93,66%
2018-01-11;VALLE;DIGUA;19,16;244.700,00;71,97%
2018-01-11;VALLE;FLORIDA II;10,81;216.200,00;166,31%
2018-01-12;ANTIOQUIA;A. SAN LORENZO;42,71;9.725.200,00;177,14%
2018-01-12;ANTIOQUIA;CONCEPCION;4,39;1.210.500,00;85,85%
2018-01-12;ANTIOQUIA;DESV. EEPPM (NEC,PAJ,DOL);9,38;2.590.200,00;117,20%
2018-01-12;ANTIOQUIA;DESV. MANSO;8,75;416.200,00;80,04%
2018-01-12;ANTIOQUIA;GRANDE;21,49;7.334.600,00;93,08%
2018-01-12;ANTIOQUIA;GUADALUPE;12,31;3.399.000,00;89,45%
2018-01-12;ANTIOQUIA;GUATAPE;43,06;7.248.900,00;178,54%
2018-01-12;ANTIOQUIA;MIEL I;134,10;6.379.300,00;157,51%
2018-01-12;ANTIOQUIA;NARE;41,96;14.734.100,00;113,69%
2018-01-12;ANTIOQUIA;PORCE II;59,58;7.740.100,00;106,76%
2018-01-12;ANTIOQUIA;PORCE III;26,73;2.041.600,00;135,21%
2018-01-12;ANTIOQUIA;SAN CARLOS;26,07;3.415.400,00;146,58%
2018-01-12;ANTIOQUIA;TENCHE;2,32;640.200,00;86,51%
2018-01-12;CARIBE;SINU URRA;223,83;2.390.500,00;134,30%
2018-01-12;CENTRO;AMOYA;10,96;1.278.000,00;82,45%
2018-01-12;CENTRO;BETANIA CP;124,94;1.784.100,00;90,11%
2018-01-12;CENTRO;BOGOTA N.R.;31,23;12.295.800,00;355,37%
2018-01-12;CENTRO;EL QUIMBO;116,84;4.685.800,00;81,92%
2018-01-12;CENTRO;PRADO;74,41;868.300,00;160,80%
2018-01-12;CENTRO;SOGAMOSO;273,73;8.571.300,00;138,02%
2018-01-12;ORIENTE;BATA;16,19;2.682.000,00;104,36%
2018-01-12;ORIENTE;CHUZA;69,97;27.548.400,00;2550,78%
2018-01-12;ORIENTE;GUAVIO;18,61;4.407.200,00;103,94%
2018-01-12;RIOS ESTIMADOS;OTROS RIOS (ESTIMADOS);;13.844.900,00;152,31%
2018-01-12;VALLE;ALTOANCHICAYA;56,22;5.989.900,00;133,11%
2018-01-12;VALLE;CALIMA;17,03;762.200,00;155,55%
2018-01-12;VALLE;CAUCA SALVAJINA;149,57;3.534.000,00;92,03%
2018-01-12;VALLE;DIGUA;34,64;442.400,00;130,12%
2018-01-12;VALLE;FLORIDA II;10,36;207.200,00;159,38%
2018-01-13;ANTIOQUIA;A. SAN LORENZO;20,58;4.685.600,00;85,35%
2018-01-13;ANTIOQUIA;CONCEPCION;4,38;1.208.800,00;85,73%
2018-01-13;ANTIOQUIA;DESV. EEPPM (NEC,PAJ,DOL);8,27;2.284.000,00;103,35%
2018-01-13;ANTIOQUIA;DESV. MANSO;7,68;365.400,00;70,27%
2018-01-13;ANTIOQUIA;GRANDE;19,76;6.744.000,00;85,58%
2018-01-13;ANTIOQUIA;GUADALUPE;20,05;5.533.900,00;145,63%
2018-01-13;ANTIOQUIA;GUATAPE;31,83;5.359.000,00;132,00%
2018-01-13;ANTIOQUIA;MIEL I;96,78;4.603.900,00;113,68%
2018-01-13;ANTIOQUIA;NARE;29,96;10.519.100,00;81,17%
2018-01-13;ANTIOQUIA;PORCE II;70,40;9.145.300,00;126,14%
2018-01-13;ANTIOQUIA;PORCE III;25,33;1.934.100,00;128,09%
2018-01-13;ANTIOQUIA;SAN CARLOS;21,43;2.808.000,00;120,52%
2018-01-13;ANTIOQUIA;TENCHE;3,08;849.700,00;114,82%
2018-01-13;CARIBE;SINU URRA;330,87;3.533.700,00;198,52%
2018-01-13;CENTRO;AMOYA;12,62;1.471.700,00;94,95%
2018-01-13;CENTRO;BETANIA CP;119,45;1.705.700,00;86,15%
2018-01-13;CENTRO;BOGOTA N.R.;15,03;5.917.600,00;171,03%
2018-01-13;CENTRO;EL QUIMBO;103,86;4.165.200,00;72,82%
2018-01-13;CENTRO;PRADO;78,93;921.000,00;170,56%
2018-01-13;CENTRO;SOGAMOSO;301,63;9.444.900,00;152,09%
2018-01-13;ORIENTE;BATA;15,21;2.519.700,00;98,04%
2018-01-13;ORIENTE;CHUZA;0,00;;
2018-01-13;ORIENTE;GUAVIO;13,30;3.149.700,00;74,29%
2018-01-13;RIOS ESTIMADOS;OTROS RIOS (ESTIMADOS);;9.925.300,00;109,19%
2018-01-13;VALLE;ALTOANCHICAYA;70,80;7.543.300,00;167,63%
2018-01-13;VALLE;CALIMA;21,92;981.100,00;200,22%
2018-01-13;VALLE;CAUCA SALVAJINA;161,16;3.807.900,00;99,16%
2018-01-13;VALLE;DIGUA;42,51;542.900,00;159,68%
2018-01-13;VALLE;FLORIDA II;11,23;224.600,00;172,77%
2018-01-14;ANTIOQUIA;A. SAN LORENZO;18,83;4.287.300,00;78,09%
2018-01-14;ANTIOQUIA;CONCEPCION;4,32;1.192.300,00;84,56%
2018-01-14;ANTIOQUIA;DESV. EEPPM (NEC,PAJ,DOL);7,82;2.159.000,00;97,69%
2018-01-14;ANTIOQUIA;DESV. MANSO;6,22;296.000,00;56,92%
2018-01-14;ANTIOQUIA;GRANDE;25,35;8.654.200,00;109,82%
2018-01-14;ANTIOQUIA;GUADALUPE;12,61;3.481.200,00;91,61%
2018-01-14;ANTIOQUIA;GUATAPE;42,58;7.168.300,00;176,56%
2018-01-14;ANTIOQUIA;MIEL I;98,17;4.670.100,00;115,31%
2018-01-14;ANTIOQUIA;NARE;27,05;9.496.700,00;73,28%
2018-01-14;ANTIOQUIA;PORCE II;64,93;8.434.600,00;116,34%
2018-01-14;ANTIOQUIA;PORCE III;5,41;413.300,00;27,37%
2018-01-14;ANTIOQUIA;SAN CARLOS;21,18;2.774.900,00;119,09%
2018-01-14;ANTIOQUIA;TENCHE;2,36;651.200,00;88,00%
2018-01-14;CARIBE;SINU URRA;288,07;3.076.600,00;172,84%
2018-01-14;CENTRO;AMOYA;13,15;1.534.600,00;99,01%
2018-01-14;CENTRO;BETANIA CP;126,10;1.800.700,00;90,94%
2018-01-14;CENTRO;BOGOTA N.R.;20,12;7.921.600,00;228,95%
2018-01-14;CENTRO;EL QUIMBO;120,44;4.830.100,00;84,44%
2018-01-14;CENTRO;PRADO;74,51;869.400,00;161,00%
2018-01-14;CENTRO;SOGAMOSO;326,08;10.210.600,00;164,42%
2018-01-14;ORIENTE;BATA;17,14;2.839.400,00;110,48%
2018-01-14;ORIENTE;CHUZA;0,52;204.700,00;18,95%
2018-01-14;ORIENTE;GUAVIO;15,20;3.599.700,00;84,90%
2018-01-14;RIOS ESTIMADOS;OTROS RIOS (ESTIMADOS);;10.025.900,00;110,30%
2018-01-14;VALLE;ALTOANCHICAYA;65,68;6.997.800,00;155,51%
2018-01-14;VALLE;CALIMA;23,46;1.050.000,00;214,29%
2018-01-14;VALLE;CAUCA SALVAJINA;181,85;4.296.800,00;111,90%
2018-01-14;VALLE;DIGUA;39,74;507.500,00;149,26%
2018-01-14;VALLE;FLORIDA II;11,81;236.200,00;181,69%
2018-01-15;ANTIOQUIA;A. SAN LORENZO;18,15;4.132.200,00;75,27%
2018-01-15;ANTIOQUIA;CONCEPCION;4,16;1.147.500,00;81,38%
2018-01-15;ANTIOQUIA;DESV. EEPPM (NEC,PAJ,DOL);7,53;2.079.500,00;94,10%
2018-01-15;ANTIOQUIA;DESV. MANSO;7,40;352.200,00;67,73%
2018-01-15;ANTIOQUIA;GRANDE;26,58;9.074.100,00;115,15%
2018-01-15;ANTIOQUIA;GUADALUPE;16,75;4.623.300,00;121,67%
2018-01-15;ANTIOQUIA;GUATAPE;37,93;6.385.200,00;157,27%
2018-01-15;ANTIOQUIA;MIEL I;117,94;5.610.600,00;138,53%
2018-01-15;ANTIOQUIA;NARE;26,54;9.319.000,00;71,91%
2018-01-15;ANTIOQUIA;PORCE II;51,68;6.713.900,00;92,61%
2018-01-15;ANTIOQUIA;PORCE III;12,89;984.100,00;65,17%
2018-01-15;ANTIOQUIA;SAN CARLOS;21,12;2.767.600,00;118,78%
2018-01-15;ANTIOQUIA;TENCHE;2,29;631.900,00;85,39%
2018-01-15;CARIBE;SINU URRA;239,66;2.559.600,00;143,80%
2018-01-15;CENTRO;AMOYA;15,22;1.775.200,00;114,53%
2018-01-15;CENTRO;BETANIA CP;159,25;2.274.100,00;114,85%
2018-01-15;CENTRO;BOGOTA N.R.;34,48;13.575.400,00;392,35%
2018-01-15;CENTRO;EL QUIMBO;169,25;6.787.600,00;118,66%
2018-01-15;CENTRO;PRADO;136,69;1.595.000,00;295,37%
2018-01-15;CENTRO;SOGAMOSO;321,86;10.078.400,00;162,29%
2018-01-15;ORIENTE;BATA;17,34;2.872.500,00;111,77%
2018-01-15;ORIENTE;CHUZA;1,04;409.500,00;37,92%
2018-01-15;ORIENTE;GUAVIO;10,57;2.503.200,00;59,04%
2018-01-15;RIOS ESTIMADOS;OTROS RIOS (ESTIMADOS);;10.824.700,00;119,08%
2018-01-15;VALLE;ALTOANCHICAYA;54,87;5.846.000,00;129,91%
2018-01-15;VALLE;CALIMA;13,68;612.300,00;124,96%
2018-01-15;VALLE;CAUCA SALVAJINA;179,72;4.246.400,00;110,58%
2018-01-15;VALLE;DIGUA;33,91;433.000,00;127,35%
2018-01-15;VALLE;FLORIDA II;14,84;296.800,00;228,31%
2018-01-16;ANTIOQUIA;A. SAN LORENZO;18,00;4.098.300,00;74,65%
2018-01-16;ANTIOQUIA;CONCEPCION;4,54;1.252.700,00;88,84%
2018-01-16;ANTIOQUIA;DESV. EEPPM (NEC,PAJ,DOL);7,80;2.152.300,00;97,39%
2018-01-16;ANTIOQUIA;DESV. MANSO;6,18;294.000,00;56,54%
2018-01-16;ANTIOQUIA;GRANDE;28,19;9.621.300,00;122,10%
2018-01-16;ANTIOQUIA;GUADALUPE;15,55;4.291.700,00;112,94%
2018-01-16;ANTIOQUIA;GUATAPE;32,76;5.514.500,00;135,83%
2018-01-16;ANTIOQUIA;MIEL I;121,50;5.780.100,00;142,72%
2018-01-16;ANTIOQUIA;NARE;23,07;8.099.900,00;62,50%
2018-01-16;ANTIOQUIA;PORCE II;44,95;5.838.700,00;80,53%
2018-01-16;ANTIOQUIA;PORCE III;15,23;1.163.500,00;77,05%
2018-01-16;ANTIOQUIA;SAN CARLOS;19,81;2.595.300,00;111,39%
2018-01-16;ANTIOQUIA;TENCHE;3,07;848.300,00;114,64%
2018-01-16;CARIBE;SINU URRA;258,10;2.756.500,00;154,86%
2018-01-16;CENTRO;AMOYA;13,79;1.609.200,00;103,82%
2018-01-16;CENTRO;BETANIA CP;193,51;2.763.300,00;139,56%
2018-01-16;CENTRO;BOGOTA N.R.;21,65;8.524.000,00;246,36%
2018-01-16;CENTRO;EL QUIMBO;367,63;14.743.400,00;257,75%
2018-01-16;CENTRO;PRADO;96,77;1.129.200,00;209,11%
2018-01-16;CENTRO;SOGAMOSO;294,03;9.207.000,00;148,26%
2018-01-16;ORIENTE;BATA;15,98;2.647.200,00;103,00%
2018-01-16;ORIENTE;CHUZA;0,52;204.700,00;18,95%
2018-01-16;ORIENTE;GUAVIO;9,55;2.261.600,00;53,34%
2018-01-16;RIOS ESTIMADOS;OTROS RIOS (ESTIMADOS);;11.110.500,00;122,23%
2018-01-16;VALLE;ALTOANCHICAYA;58,37;6.218.900,00;138,20%
2018-01-16;VALLE;CALIMA;19,86;888.900,00;181,41%
2018-01-16;VALLE;CAUCA SALVAJINA;217,19;5.131.800,00;133,64%
2018-01-16;VALLE;DIGUA;35,80;457.200,00;134,47%
2018-01-16;VALLE;FLORIDA II;14,84;296.800,00;228,31%
2018-01-17;ANTIOQUIA;A. SAN LORENZO;25,06;5.707.300,00;103,96%
2018-01-17;ANTIOQUIA;CONCEPCION;4,27;1.179.600,00;83,66%
2018-01-17;ANTIOQUIA;DESV. EEPPM (NEC,PAJ,DOL);7,83;2.162.300,00;97,84%
2018-01-17;ANTIOQUIA;DESV. MANSO;0,00;;
2018-01-17;ANTIOQUIA;GRANDE;28,37;9.682.400,00;122,87%
2018-01-17;ANTIOQUIA;GUADALUPE;15,21;4.198.100,00;110,48%
2018-01-17;ANTIOQUIA;GUATAPE;78,06;13.140.200,00;323,65%
2018-01-17;ANTIOQUIA;MIEL I;155,73;7.408.400,00;182,92%
2018-01-17;ANTIOQUIA;NARE;67,94;23.855.000,00;184,07%
2018-01-17;ANTIOQUIA;PORCE II;58,80;7.638.800,00;105,36%
2018-01-17;ANTIOQUIA;PORCE III;7,22;551.600,00;36,53%
2018-01-17;ANTIOQUIA;SAN CARLOS;53,25;6.977.600,00;299,47%
2018-01-17;ANTIOQUIA;TENCHE;2,32;640.200,00;86,51%
2018-01-17;CARIBE;SINU URRA;269,55;2.878.800,00;161,73%
2018-01-17;CENTRO;AMOYA;14,00;1.633.000,00;105,35%
2018-01-17;CENTRO;BETANIA CP;186,17;2.658.500,00;134,27%
2018-01-17;CENTRO;BOGOTA N.R.;8,06;3.173.400,00;91,72%
2018-01-17;CENTRO;EL QUIMBO;193,57;7.762.900,00;135,72%
2018-01-17;CENTRO;PRADO;70,06;817.500,00;151,39%
2018-01-17;CENTRO;SOGAMOSO;250,02;7.828.700,00;126,07%
2018-01-17;ORIENTE;BATA;21,99;3.642.800,00;141,74%
2018-01-17;ORIENTE;CHUZA;1,57;618.100,00;57,23%
2018-01-17;ORIENTE;GUAVIO;21,88;5.181.600,00;122,21%
2018-01-17;RIOS ESTIMADOS;OTROS RIOS (ESTIMADOS);;12.813.500,00;140,96%
2018-01-17;VALLE;ALTOANCHICAYA;57,02;6.075.100,00;135,00%
2018-01-17;VALLE;CALIMA;19,91;891.100,00;181,86%
2018-01-17;VALLE;CAUCA SALVAJINA;189,81;4.484.800,00;116,79%
2018-01-17;VALLE;DIGUA;35,07;447.900,00;131,74%
2018-01-17;VALLE;FLORIDA II;14,71;294.200,00;226,31%
2018-01-18;ANTIOQUIA;A. SAN LORENZO;49,07;11.173.300,00;203,52%
2018-01-18;ANTIOQUIA;CONCEPCION;4,35;1.199.400,00;85,06%
2018-01-18;ANTIOQUIA;DESV. EEPPM (NEC,PAJ,DOL);7,70;2.124.500,00;96,13%
2018-01-18;ANTIOQUIA;DESV. MANSO;0,00;;
2018-01-18;ANTIOQUIA;GRANDE;23,89;8.155.500,00;103,50%
2018-01-18;ANTIOQUIA;GUADALUPE;33,12;9.142.200,00;240,58%
2018-01-18;ANTIOQUIA;GUATAPE;46,77;7.873.100,00;193,92%
2018-01-18;ANTIOQUIA;MIEL I;109,89;5.227.700,00;129,08%
2018-01-18;ANTIOQUIA;NARE;56,62;19.881.300,00;153,41%
2018-01-18;ANTIOQUIA;PORCE II;88,88;11.546.000,00;159,26%
2018-01-18;ANTIOQUIA;PORCE III;20,64;1.576.200,00;104,38%
2018-01-18;ANTIOQUIA;SAN CARLOS;23,09;3.025.700,00;129,86%
2018-01-18;ANTIOQUIA;TENCHE;6,80;1.877.100,00;253,66%
2018-01-18;CARIBE;SINU URRA;348,12;3.717.900,00;208,87%
2018-01-18;CENTRO;AMOYA;20,56;2.398.400,00;154,74%
2018-01-18;CENTRO;BETANIA CP;186,30;2.660.400,00;134,36%
2018-01-18;CENTRO;BOGOTA N.R.;18,24;7.181.400,00;207,55%
2018-01-18;CENTRO;EL QUIMBO;137,14;5.499.900,00;96,15%
2018-01-18;CENTRO;PRADO;110,80;1.292.900,00;239,43%
2018-01-18;CENTRO;SOGAMOSO;307,04;9.614.400,00;154,82%
2018-01-18;ORIENTE;BATA;42,38;7.020.600,00;273,18%
2018-01-18;ORIENTE;CHUZA;16,77;6.602.600,00;611,35%
2018-01-18;ORIENTE;GUAVIO;57,14;13.531.900,00;319,15%
2018-01-18;RIOS ESTIMADOS;OTROS RIOS (ESTIMADOS);;14.565.400,00;160,24%
2018-01-18;VALLE;ALTOANCHICAYA;52,23;5.564.800,00;123,66%
2018-01-18;VALLE;CALIMA;24,40;1.092.100,00;222,88%
2018-01-18;VALLE;CAUCA SALVAJINA;165,70;3.915.200,00;101,96%
2018-01-18;VALLE;DIGUA;32,50;415.000,00;122,06%
2018-01-18;VALLE;FLORIDA II;12,57;251.400,00;193,38%
2018-01-19;ANTIOQUIA;A. SAN LORENZO;75,44;17.178.400,00;312,90%
2018-01-19;ANTIOQUIA;CONCEPCION;9,40;2.594.000,00;183,97%
2018-01-19;ANTIOQUIA;DESV. EEPPM (NEC,PAJ,DOL);10,25;2.828.100,00;127,97%
2018-01-19;ANTIOQUIA;DESV. MANSO;0,00;;
2018-01-19;ANTIOQUIA;GRANDE;39,28;13.407.200,00;170,14%
2018-01-19;ANTIOQUIA;GUADALUPE;48,45;13.373.700,00;351,94%
2018-01-19;ANTIOQUIA;GUATAPE;51,59;8.683.900,00;213,89%
2018-01-19;ANTIOQUIA;MIEL I;93,09;4.428.400,00;109,34%
2018-01-19;ANTIOQUIA;NARE;44,86;15.752.700,00;121,55%
2018-01-19;ANTIOQUIA;PORCE II;96,64;12.553.100,00;173,15%
2018-01-19;ANTIOQUIA;PORCE III;32,76;2.502.300,00;165,72%
2018-01-19;ANTIOQUIA;SAN CARLOS;20,75;2.718.800,00;116,69%
2018-01-19;ANTIOQUIA;TENCHE;5,34;1.473.000,00;199,05%
2018-01-19;CARIBE;SINU URRA;534,30;5.706.300,00;320,58%
2018-01-19;CENTRO;AMOYA;20,49;2.390.700,00;154,24%
2018-01-19;CENTRO;BETANIA CP;207,34;2.960.800,00;149,54%
2018-01-19;CENTRO;BOGOTA N.R.;15,49;6.098.700,00;176,26%
2018-01-19;CENTRO;EL QUIMBO;172,47;6.916.700,00;120,92%
2018-01-19;CENTRO;PRADO;71,49;834.200,00;154,48%
2018-01-19;CENTRO;SOGAMOSO;292,90;9.171.400,00;147,69%
2018-01-19;ORIENTE;BATA;40,67;6.737.300,00;262,15%
2018-01-19;ORIENTE;CHUZA;31,69;12.476.900,00;1155,27%
2018-01-19;ORIENTE;GUAVIO;63,01;14.922.000,00;351,93%
2018-01-19;RIOS ESTIMADOS;OTROS RIOS (ESTIMADOS);;16.753.600,00;184,31%
2018-01-19;VALLE;ALTOANCHICAYA;40,20;4.283.000,00;95,18%
2018-01-19;VALLE;CALIMA;15,57;696.900,00;142,22%
2018-01-19;VALLE;CAUCA SALVAJINA;155,76;3.680.300,00;95,84%
2018-01-19;VALLE;DIGUA;25,99;331.900,00;97,62%
2018-01-19;VALLE;FLORIDA II;12,57;251.400,00;193,38%
2018-01-20;ANTIOQUIA;A. SAN LORENZO;46,13;10.504.900,00;191,35%
2018-01-20;ANTIOQUIA;CONCEPCION;5,64;1.556.100,00;110,36%
2018-01-20;ANTIOQUIA;DESV. EEPPM (NEC,PAJ,DOL);8,41;2.322.100,00;105,07%
2018-01-20;ANTIOQUIA;DESV. MANSO;0,00;;
2018-01-20;ANTIOQUIA;GRANDE;28,10;9.591.900,00;121,72%
2018-01-20;ANTIOQUIA;GUADALUPE;20,88;5.764.400,00;151,69%
2018-01-20;ANTIOQUIA;GUATAPE;59,33;9.987.300,00;245,99%
2018-01-20;ANTIOQUIA;MIEL I;80,38;3.823.900,00;94,42%
2018-01-20;ANTIOQUIA;NARE;44,68;15.688.100,00;121,05%
2018-01-20;ANTIOQUIA;PORCE II;69,55;9.035.200,00;124,62%
2018-01-20;ANTIOQUIA;PORCE III;6,37;486.600,00;32,23%
2018-01-20;ANTIOQUIA;SAN CARLOS;20,12;2.636.700,00;113,16%
2018-01-20;ANTIOQUIA;TENCHE;4,59;1.267.600,00;171,30%
2018-01-20;CARIBE;SINU URRA;321,33;3.431.800,00;192,80%
2018-01-20;CENTRO;AMOYA;26,23;3.060.400,00;197,45%
2018-01-20;CENTRO;BETANIA CP;313,02;4.469.900,00;225,75%
2018-01-20;CENTRO;BOGOTA N.R.;3,61;1.421.300,00;41,08%
2018-01-20;CENTRO;EL QUIMBO;416,77;16.714.100,00;292,20%
2018-01-20;CENTRO;PRADO;48,94;571.100,00;105,76%
2018-01-20;CENTRO;SOGAMOSO;229,91;7.199.100,00;115,93%
2018-01-20;ORIENTE;BATA;28,63;4.742.800,00;184,54%
2018-01-20;ORIENTE;CHUZA;10,63;4.185.200,00;387,52%
2018-01-20;ORIENTE;GUAVIO;38,35;9.082.000,00;214,20%
2018-01-20;RIOS ESTIMADOS;OTROS RIOS (ESTIMADOS);;13.599.000,00;149,60%
2018-01-20;VALLE;ALTOANCHICAYA;33,96;3.618.200,00;80,40%
2018-01-20;VALLE;CALIMA;17,82;797.600,00;162,78%
2018-01-20;VALLE;CAUCA SALVAJINA;171,29;4.047.200,00;105,40%
2018-01-20;VALLE;DIGUA;22,63;289.000,00;85,00%
2018-01-20;VALLE;FLORIDA II;14,84;296.800,00;228,31%
2018-01-21;ANTIOQUIA;A. SAN LORENZO;29,24;6.657.300,00;121,26%
2018-01-21;ANTIOQUIA;CONCEPCION;4,41;1.217.400,00;86,34%
2018-01-21;ANTIOQUIA;DESV. EEPPM (NEC,PAJ,DOL);7,57;2.088.600,00;94,51%
2018-01-21;ANTIOQUIA;DESV. MANSO;0,00;;
2018-01-21;ANTIOQUIA;GRANDE;20,46;6.984.700,00;88,64%
2018-01-21;ANTIOQUIA;GUADALUPE;15,64;4.317.400,00;113,62%
2018-01-21;ANTIOQUIA;GUATAPE;46,22;7.780.000,00;191,63%
2018-01-21;ANTIOQUIA;MIEL I;72,25;3.436.900,00;84,86%
2018-01-21;ANTIOQUIA;NARE;34,97;12.280.400,00;94,76%
2018-01-21;ANTIOQUIA;PORCE II;56,02;7.277.400,00;100,38%
2018-01-21;ANTIOQUIA;PORCE III;5,38;410.700,00;27,20%
2018-01-21;ANTIOQUIA;SAN CARLOS;23,28;3.050.900,00;130,94%
2018-01-21;ANTIOQUIA;TENCHE;3,86;1.065.800,00;144,03%
2018-01-21;CARIBE;SINU URRA;297,03;3.172.300,00;178,22%
2018-01-21;CENTRO;AMOYA;18,67;2.178.100,00;140,52%
2018-01-21;CENTRO;BETANIA CP;194,05;2.771.000,00;139,95%
2018-01-21;CENTRO;BOGOTA N.R.;20,00;7.874.400,00;227,58%
2018-01-21;CENTRO;EL QUIMBO;269,50;10.808.000,00;188,95%
2018-01-21;CENTRO;PRADO;39,35;459.200,00;85,04%
2018-01-21;CENTRO;SOGAMOSO;212,32;6.648.300,00;107,06%
2018-01-21;ORIENTE;BATA;18,74;3.104.400,00;120,79%
2018-01-21;ORIENTE;CHUZA;5,32;2.094.600,00;193,94%
2018-01-21;ORIENTE;GUAVIO;23,89;5.657.600,00;133,43%
2018-01-21;RIOS ESTIMADOS;OTROS RIOS (ESTIMADOS);;10.817.300,00;119,00%
2018-01-21;VALLE;ALTOANCHICAYA;30,51;3.250.600,00;72,24%
2018-01-21;VALLE;CALIMA;15,63;699.600,00;142,78%
2018-01-21;VALLE;CAUCA SALVAJINA;163,72;3.868.400,00;100,74%
2018-01-21;VALLE;DIGUA;20,76;265.100,00;77,97%
2018-01-21;VALLE;FLORIDA II;8,40;168.000,00;129,23%
2018-01-22;ANTIOQUIA;A. SAN LORENZO;26,35;6.000.600,00;109,30%
2018-01-22;ANTIOQUIA;CONCEPCION;4,42;1.220.100,00;86,53%
2018-01-22;ANTIOQUIA;DESV. EEPPM (NEC,PAJ,DOL);7,43;2.051.300,00;92,82%
2018-01-22;ANTIOQUIA;DESV. MANSO;0,82;38.900,00;7,48%
2018-01-22;ANTIOQUIA;GRANDE;18,70;6.383.900,00;81,01%
2018-01-22;ANTIOQUIA;GUADALUPE;19,16;5.289.100,00;139,19%
2018-01-22;ANTIOQUIA;GUATAPE;36,23;6.099.500,00;150,23%
2018-01-22;ANTIOQUIA;MIEL I;64,40;3.063.900,00;75,65%
2018-01-22;ANTIOQUIA;NARE;19,51;6.851.200,00;52,86%
2018-01-22;ANTIOQUIA;PORCE II;57,55;7.475.900,00;103,12%
2018-01-22;ANTIOQUIA;PORCE III;3,66;279.400,00;18,50%
2018-01-22;ANTIOQUIA;SAN CARLOS;18,13;2.376.200,00;101,98%
2018-01-22;ANTIOQUIA;TENCHE;2,36;652.000,00;88,11%
2018-01-22;CARIBE;SINU URRA;279,43;2.984.300,00;167,66%
2018-01-22;CENTRO;AMOYA;14,91;1.739.200,00;112,21%
2018-01-22;CENTRO;BETANIA CP;139,32;1.989.500,00;100,48%
2018-01-22;CENTRO;BOGOTA N.R.;14,60;5.748.300,00;166,14%
2018-01-22;CENTRO;EL QUIMBO;153,29;6.147.500,00;107,47%
2018-01-22;CENTRO;PRADO;35,03;408.800,00;75,70%
2018-01-22;CENTRO;SOGAMOSO;197,96;6.198.700,00;99,82%
2018-01-22;ORIENTE;BATA;16,00;2.650.500,00;103,13%
2018-01-22;ORIENTE;CHUZA;2,66;1.047.300,00;96,97%
2018-01-22;ORIENTE;GUAVIO;16,61;3.933.600,00;92,77%
2018-01-22;RIOS ESTIMADOS;OTROS RIOS (ESTIMADOS);;8.698.400,00;95,69%
2018-01-22;VALLE;ALTOANCHICAYA;33,81;3.602.200,00;80,05%
2018-01-22;VALLE;CALIMA;15,65;700.500,00;142,96%
2018-01-22;VALLE;CAUCA SALVAJINA;136,16;3.217.200,00;83,78%
2018-01-22;VALLE;DIGUA;22,55;288.000,00;84,71%
2018-01-22;VALLE;FLORIDA II;12,04;240.800,00;185,23%
2018-01-23;ANTIOQUIA;A. SAN LORENZO;34,58;7.874.200,00;143,43%
2018-01-23;ANTIOQUIA;CONCEPCION;4,39;1.213.000,00;86,03%
2018-01-23;ANTIOQUIA;DESV. EEPPM (NEC,PAJ,DOL);6,33;1.747.700,00;79,08%
2018-01-23;ANTIOQUIA;DESV. MANSO;2,46;116.800,00;22,46%
2018-01-23;ANTIOQUIA;GRANDE;17,45;5.956.900,00;75,60%
2018-01-23;ANTIOQUIA;GUADALUPE;16,93;4.674.600,00;123,02%
2018-01-23;ANTIOQUIA;GUATAPE;40,36;6.793.400,00;167,33%
2018-01-23;ANTIOQUIA;MIEL I;59,53;2.831.900,00;69,92%
2018-01-23;ANTIOQUIA;NARE;20,95;7.354.400,00;56,75%
2018-01-23;ANTIOQUIA;PORCE II;70,75;9.190.500,00;126,77%
2018-01-23;ANTIOQUIA;PORCE III;28,87;2.204.500,00;145,99%
2018-01-23;ANTIOQUIA;SAN CARLOS;17,27;2.262.300,00;97,09%
2018-01-23;ANTIOQUIA;TENCHE;2,36;652.300,00;88,15%
2018-01-23;CARIBE;SINU URRA;250,61;2.676.500,00;150,37%
2018-01-23;CENTRO;AMOYA;13,36;1.558.800,00;100,57%
2018-01-23;CENTRO;BETANIA CP;117,59;1.679.200,00;84,81%
2018-01-23;CENTRO;BOGOTA N.R.;4,83;1.901.700,00;54,96%
2018-01-23;CENTRO;EL QUIMBO;140,03;5.615.800,00;98,18%
2018-01-23;CENTRO;PRADO;31,86;371.800,00;68,85%
2018-01-23;CENTRO;SOGAMOSO;188,42;5.899.800,00;95,00%
2018-01-23;ORIENTE;BATA;13,81;2.287.700,00;89,02%
2018-01-23;ORIENTE;CHUZA;2,13;838.600,00;77,65%
2018-01-23;ORIENTE;GUAVIO;16,66;3.945.400,00;93,05%
2018-01-23;RIOS ESTIMADOS;OTROS RIOS (ESTIMADOS);;8.840.400,00;97,25%
2018-01-23;VALLE;ALTOANCHICAYA;47,85;5.098.100,00;113,29%
2018-01-23;VALLE;CALIMA;13,44;601.500,00;122,76%
2018-01-23;VALLE;CAUCA SALVAJINA;120,84;2.855.200,00;74,35%
2018-01-23;VALLE;DIGUA;30,12;384.600,00;113,12%
2018-01-23;VALLE;FLORIDA II;11,45;229.000,00;176,15%
2018-01-24;ANTIOQUIA;A. SAN LORENZO;26,60;6.056.400,00;110,32%
2018-01-24;ANTIOQUIA;CONCEPCION;4,39;1.211.300,00;85,91%
2018-01-24;ANTIOQUIA;DESV. EEPPM (NEC,PAJ,DOL);4,96;1.368.400,00;61,92%
2018-01-24;ANTIOQUIA;DESV. MANSO;2,44;116.000,00;22,31%
2018-01-24;ANTIOQUIA;GRANDE;16,83;5.743.900,00;72,89%
2018-01-24;ANTIOQUIA;GUADALUPE;10,91;3.012.500,00;79,28%
2018-01-24;ANTIOQUIA;GUATAPE;36,10;6.077.800,00;149,70%
2018-01-24;ANTIOQUIA;MIEL I;55,49;2.639.900,00;65,18%
2018-01-24;ANTIOQUIA;NARE;26,04;9.142.400,00;70,54%
2018-01-24;ANTIOQUIA;PORCE II;56,64;7.357.300,00;101,48%
2018-01-24;ANTIOQUIA;PORCE III;12,01;917.500,00;60,76%
2018-01-24;ANTIOQUIA;SAN CARLOS;17,95;2.352.500,00;100,97%
2018-01-24;ANTIOQUIA;TENCHE;2,53;698.700,00;94,42%
2018-01-24;CARIBE;SINU URRA;238,83;2.550.700,00;143,30%
2018-01-24;CENTRO;AMOYA;11,92;1.390.800,00;89,73%
2018-01-24;CENTRO;BETANIA CP;104,79;1.496.400,00;75,58%
2018-01-24;CENTRO;BOGOTA N.R.;16,79;6.610.500,00;191,05%
2018-01-24;CENTRO;EL QUIMBO;119,76;4.802.900,00;83,97%
2018-01-24;CENTRO;PRADO;32,92;384.100,00;71,13%
2018-01-24;CENTRO;SOGAMOSO;179,85;5.631.600,00;90,69%
2018-01-24;ORIENTE;BATA;12,32;2.040.900,00;79,41%
2018-01-24;ORIENTE;CHUZA;1,07;421.300,00;39,01%
2018-01-24;ORIENTE;GUAVIO;17,72;4.196.500,00;98,97%
2018-01-24;RIOS ESTIMADOS;OTROS RIOS (ESTIMADOS);;8.050.100,00;88,56%
2018-01-24;VALLE;ALTOANCHICAYA;29,10;3.100.400,00;68,90%
2018-01-24;VALLE;CALIMA;13,46;602.400,00;122,94%
2018-01-24;VALLE;CAUCA SALVAJINA;109,99;2.598.800,00;67,68%
2018-01-24;VALLE;DIGUA;20,01;255.500,00;75,15%
2018-01-24;VALLE;FLORIDA II;10,36;207.200,00;159,38%
2018-01-25;ANTIOQUIA;A. SAN LORENZO;19,26;4.386.100,00;79,89%
2018-01-25;ANTIOQUIA;CONCEPCION;3,21;884.700,00;62,74%
2018-01-25;ANTIOQUIA;DESV. EEPPM (NEC,PAJ,DOL);4,83;1.333.300,00;60,33%
2018-01-25;ANTIOQUIA;DESV. MANSO;1,35;64.200,00;12,35%
2018-01-25;ANTIOQUIA;GRANDE;17,01;5.806.400,00;73,69%
2018-01-25;ANTIOQUIA;GUADALUPE;7,92;2.184.900,00;57,50%
2018-01-25;ANTIOQUIA;GUATAPE;27,86;4.689.500,00;115,50%
2018-01-25;ANTIOQUIA;MIEL I;51,70;2.459.300,00;60,72%
2018-01-25;ANTIOQUIA;NARE;19,29;6.774.000,00;52,27%
2018-01-25;ANTIOQUIA;PORCE II;49,85;6.476.000,00;89,32%
2018-01-25;ANTIOQUIA;PORCE III;29,32;2.239.500,00;148,31%
2018-01-25;ANTIOQUIA;SAN CARLOS;16,33;2.139.900,00;91,84%
2018-01-25;ANTIOQUIA;TENCHE;1,48;408.800,00;55,24%
2018-01-25;CARIBE;SINU URRA;225,15;2.404.600,00;135,09%
2018-01-25;CENTRO;AMOYA;10,73;1.251.700,00;80,75%
2018-01-25;CENTRO;BETANIA CP;96,27;1.374.700,00;69,43%
2018-01-25;CENTRO;BOGOTA N.R.;4,51;1.775.700,00;51,32%
2018-01-25;CENTRO;EL QUIMBO;114,87;4.606.700,00;80,54%
2018-01-25;CENTRO;PRADO;38,39;448.000,00;82,96%
2018-01-25;CENTRO;SOGAMOSO;173,20;5.423.400,00;87,33%
2018-01-25;ORIENTE;BATA;11,10;1.838.800,00;71,55%
2018-01-25;ORIENTE;CHUZA;1,60;629.900,00;58,32%
2018-01-25;ORIENTE;GUAVIO;10,58;2.505.600,00;59,09%
2018-01-25;RIOS ESTIMADOS;OTROS RIOS (ESTIMADOS);;6.630.000,00;72,94%
2018-01-25;VALLE;ALTOANCHICAYA;26,60;2.834.000,00;62,98%
2018-01-25;VALLE;CALIMA;11,23;502.600,00;102,57%
2018-01-25;VALLE;CAUCA SALVAJINA;103,98;2.456.800,00;63,98%
2018-01-25;VALLE;DIGUA;18,65;238.200,00;70,06%
2018-01-25;VALLE;FLORIDA II;8,94;178.800,00;137,54%
2018-01-26;ANTIOQUIA;A. SAN LORENZO;19,41;4.418.900,00;80,49%
2018-01-26;ANTIOQUIA;CONCEPCION;2,88;795.000,00;56,38%
2018-01-26;ANTIOQUIA;DESV. EEPPM (NEC,PAJ,DOL);5,72;1.579.300,00;71,46%
2018-01-26;ANTIOQUIA;DESV. MANSO;4,44;211.400,00;40,65%
2018-01-26;ANTIOQUIA;GRANDE;17,29;5.903.000,00;74,91%
2018-01-26;ANTIOQUIA;GUADALUPE;14,71;4.061.500,00;106,88%
2018-01-26;ANTIOQUIA;GUATAPE;40,23;6.772.000,00;166,80%
2018-01-26;ANTIOQUIA;MIEL I;51,47;2.448.400,00;60,45%
2018-01-26;ANTIOQUIA;NARE;18,58;6.524.700,00;50,34%
2018-01-26;ANTIOQUIA;PORCE II;48,14;6.253.100,00;86,25%
2018-01-26;ANTIOQUIA;PORCE III;13,01;993.700,00;65,81%
2018-01-26;ANTIOQUIA;SAN CARLOS;16,46;2.156.800,00;92,57%
2018-01-26;ANTIOQUIA;TENCHE;2,79;769.300,00;103,96%
2018-01-26;CARIBE;SINU URRA;257,97;2.755.100,00;154,78%
2018-01-26;CENTRO;AMOYA;9,94;1.159.600,00;74,81%
2018-01-26;CENTRO;BETANIA CP;91,41;1.305.300,00;65,92%
2018-01-26;CENTRO;BOGOTA N.R.;4,21;1.657.600,00;47,91%
2018-01-26;CENTRO;EL QUIMBO;104,00;4.170.800,00;72,92%
2018-01-26;CENTRO;PRADO;34,77;405.700,00;75,13%
2018-01-26;CENTRO;SOGAMOSO;168,07;5.262.800,00;84,75%
2018-01-26;ORIENTE;BATA;10,37;1.717.900,00;66,84%
2018-01-26;ORIENTE;CHUZA;1,60;629.900,00;58,32%
2018-01-26;ORIENTE;GUAVIO;13,36;3.163.900,00;74,62%
2018-01-26;RIOS ESTIMADOS;OTROS RIOS (ESTIMADOS);;7.096.900,00;78,07%
2018-01-26;VALLE;ALTOANCHICAYA;29,73;3.167.500,00;70,39%
2018-01-26;VALLE;CALIMA;11,25;503.500,00;102,76%
2018-01-26;VALLE;CAUCA SALVAJINA;99,37;2.347.900,00;61,14%
2018-01-26;VALLE;DIGUA;20,35;259.900,00;76,44%
2018-01-26;VALLE;FLORIDA II;8,94;178.800,00;137,54%
2018-01-27;ANTIOQUIA;A. SAN LORENZO;27,44;6.249.000,00;113,83%
2018-01-27;ANTIOQUIA;CONCEPCION;4,20;1.158.600,00;82,17%
2018-01-27;ANTIOQUIA;DESV. EEPPM (NEC,PAJ,DOL);6,48;1.789.600,00;80,98%
2018-01-27;ANTIOQUIA;DESV. MANSO;1,90;90.200,00;17,35%
2018-01-27;ANTIOQUIA;GRANDE;18,43;6.290.000,00;79,82%
2018-01-27;ANTIOQUIA;GUADALUPE;10,92;3.014.700,00;79,33%
2018-01-27;ANTIOQUIA;GUATAPE;39,30;6.615.500,00;162,94%
2018-01-27;ANTIOQUIA;MIEL I;47,70;2.269.100,00;56,03%
2018-01-27;ANTIOQUIA;NARE;22,76;7.991.700,00;61,66%
2018-01-27;ANTIOQUIA;PORCE II;43,88;5.699.500,00;78,61%
2018-01-27;ANTIOQUIA;PORCE III;26,38;2.015.000,00;133,44%
2018-01-27;ANTIOQUIA;SAN CARLOS;20,47;2.682.300,00;115,12%
2018-01-27;ANTIOQUIA;TENCHE;2,26;624.400,00;84,38%
2018-01-27;CARIBE;SINU URRA;213,16;2.276.500,00;127,89%
2018-01-27;CENTRO;AMOYA;9,39;1.095.600,00;70,68%
2018-01-27;CENTRO;BETANIA CP;93,56;1.336.000,00;67,47%
2018-01-27;CENTRO;BOGOTA N.R.;8,30;3.267.900,00;94,45%
2018-01-27;CENTRO;EL QUIMBO;100,76;4.040.900,00;70,65%
2018-01-27;CENTRO;PRADO;17,36;202.600,00;37,52%
2018-01-27;CENTRO;SOGAMOSO;167,01;5.229.700,00;84,21%
2018-01-27;ORIENTE;BATA;9,73;1.611.800,00;62,72%
2018-01-27;ORIENTE;CHUZA;0,53;208.700,00;19,32%
2018-01-27;ORIENTE;GUAVIO;11,81;2.796.800,00;65,96%
2018-01-27;RIOS ESTIMADOS;OTROS RIOS (ESTIMADOS);;7.479.300,00;82,28%
2018-01-27;VALLE;ALTOANCHICAYA;26,73;2.847.900,00;63,29%
2018-01-27;VALLE;CALIMA;11,26;504.000,00;102,86%
2018-01-27;VALLE;CAUCA SALVAJINA;95,19;2.249.100,00;58,57%
2018-01-27;VALLE;DIGUA;18,73;239.200,00;70,35%
2018-01-27;VALLE;FLORIDA II;8,94;178.800,00;137,54%
2018-01-28;ANTIOQUIA;A. SAN LORENZO;35,04;7.979.600,00;145,35%
2018-01-28;ANTIOQUIA;CONCEPCION;3,94;1.086.800,00;77,08%
2018-01-28;ANTIOQUIA;DESV. EEPPM (NEC,PAJ,DOL);6,88;1.899.500,00;85,95%
2018-01-28;ANTIOQUIA;DESV. MANSO;3,48;165.300,00;31,79%
2018-01-28;ANTIOQUIA;GRANDE;17,91;6.114.300,00;77,59%
2018-01-28;ANTIOQUIA;GUADALUPE;15,93;4.397.700,00;115,73%
2018-01-28;ANTIOQUIA;GUATAPE;35,58;5.988.700,00;147,50%
2018-01-28;ANTIOQUIA;MIEL I;59,52;2.831.400,00;69,91%
2018-01-28;ANTIOQUIA;NARE;32,32;11.347.500,00;87,56%
2018-01-28;ANTIOQUIA;PORCE II;49,78;6.465.900,00;89,18%
2018-01-28;ANTIOQUIA;PORCE III;12,97;990.600,00;65,60%
2018-01-28;ANTIOQUIA;SAN CARLOS;22,71;2.976.300,00;127,74%
2018-01-28;ANTIOQUIA;TENCHE;2,99;826.200,00;111,65%
2018-01-28;CARIBE;SINU URRA;189,58;2.024.700,00;113,75%
2018-01-28;CENTRO;AMOYA;8,91;1.039.900,00;67,09%
2018-01-28;CENTRO;BETANIA CP;102,98;1.470.600,00;74,27%
2018-01-28;CENTRO;BOGOTA N.R.;8,07;3.177.300,00;91,83%
2018-01-28;CENTRO;EL QUIMBO;106,39;4.266.700,00;74,59%
2018-01-28;CENTRO;PRADO;22,50;262.500,00;48,61%
2018-01-28;CENTRO;SOGAMOSO;164,80;5.160.200,00;83,10%
2018-01-28;ORIENTE;BATA;9,48;1.570.400,00;61,11%
2018-01-28;ORIENTE;CHUZA;1,07;421.300,00;39,01%
2018-01-28;ORIENTE;GUAVIO;12,43;2.943.700,00;69,43%
2018-01-28;RIOS ESTIMADOS;OTROS RIOS (ESTIMADOS);;8.006.200,00;88,08%
2018-01-28;VALLE;ALTOANCHICAYA;24,46;2.606.000,00;57,91%
2018-01-28;VALLE;CALIMA;11,27;504.400,00;102,94%
2018-01-28;VALLE;CAUCA SALVAJINA;103,89;2.454.700,00;63,92%
2018-01-28;VALLE;DIGUA;17,50;223.500,00;65,74%
2018-01-28;VALLE;FLORIDA II;8,23;164.600,00;126,62%
2018-01-29;ANTIOQUIA;A. SAN LORENZO;22,23;5.062.400,00;92,21%
2018-01-29;ANTIOQUIA;CONCEPCION;3,97;1.094.800,00;77,65%
2018-01-29;ANTIOQUIA;DESV. EEPPM (NEC,PAJ,DOL);6,71;1.852.800,00;83,84%
2018-01-29;ANTIOQUIA;DESV. MANSO;1,44;68.500,00;13,17%
2018-01-29;ANTIOQUIA;GRANDE;18,14;6.191.100,00;78,57%
2018-01-29;ANTIOQUIA;GUADALUPE;9,94;2.743.400,00;72,19%
2018-01-29;ANTIOQUIA;GUATAPE;24,82;4.177.700,00;102,90%
2018-01-29;ANTIOQUIA;MIEL I;48,29;2.297.300,00;56,72%
2018-01-29;ANTIOQUIA;NARE;31,70;11.129.100,00;85,87%
2018-01-29;ANTIOQUIA;PORCE II;47,57;6.179.700,00;85,24%
2018-01-29;ANTIOQUIA;PORCE III;8,07;616.600,00;40,83%
2018-01-29;ANTIOQUIA;SAN CARLOS;15,72;2.060.400,00;88,43%
2018-01-29;ANTIOQUIA;TENCHE;1,74;480.900,00;64,99%
2018-01-29;CARIBE;SINU URRA;179,14;1.913.200,00;107,48%
2018-01-29;CENTRO;AMOYA;8,46;986.500,00;63,65%
2018-01-29;CENTRO;BETANIA CP;95,96;1.370.300,00;69,21%
2018-01-29;CENTRO;BOGOTA N.R.;5,57;2.193.000,00;63,38%
2018-01-29;CENTRO;EL QUIMBO;107,71;4.319.600,00;75,52%
2018-01-29;CENTRO;PRADO;36,06;420.800,00;77,93%
2018-01-29;CENTRO;SOGAMOSO;164,18;5.141.000,00;82,79%
2018-01-29;ORIENTE;BATA;9,30;1.540.600,00;59,95%
2018-01-29;ORIENTE;CHUZA;1,07;421.300,00;39,01%
2018-01-29;ORIENTE;GUAVIO;12,65;2.995.800,00;70,66%
2018-01-29;RIOS ESTIMADOS;OTROS RIOS (ESTIMADOS);;7.016.800,00;77,19%
2018-01-29;VALLE;ALTOANCHICAYA;24,85;2.647.600,00;58,84%
2018-01-29;VALLE;CALIMA;11,29;505.300,00;103,12%
2018-01-29;VALLE;CAUCA SALVAJINA;101,51;2.398.500,00;62,46%
2018-01-29;VALLE;DIGUA;17,71;226.200,00;66,53%
2018-01-29;VALLE;FLORIDA II;8,23;164.600,00;126,62%
2018-01-30;ANTIOQUIA;A. SAN LORENZO;40,10;9.131.400,00;166,33%
2018-01-30;ANTIOQUIA;CONCEPCION;4,15;1.146.400,00;81,30%
2018-01-30;ANTIOQUIA;DESV. EEPPM (NEC,PAJ,DOL);6,57;1.814.700,00;82,11%
2018-01-30;ANTIOQUIA;DESV. MANSO;1,89;90.100,00;17,33%
2018-01-30;ANTIOQUIA;GRANDE;17,07;5.825.500,00;73,93%
2018-01-30;ANTIOQUIA;GUADALUPE;9,95;2.747.200,00;72,29%
2018-01-30;ANTIOQUIA;GUATAPE;68,34;11.504.900,00;283,37%
2018-01-30;ANTIOQUIA;MIEL I;74,05;3.522.900,00;86,99%
2018-01-30;ANTIOQUIA;NARE;36,12;12.683.200,00;97,86%
2018-01-30;ANTIOQUIA;PORCE II;47,54;6.175.700,00;85,18%
2018-01-30;ANTIOQUIA;PORCE III;7,85;599.600,00;39,71%
2018-01-30;ANTIOQUIA;SAN CARLOS;15,39;2.016.900,00;86,56%
2018-01-30;ANTIOQUIA;TENCHE;2,25;620.000,00;83,78%
2018-01-30;CARIBE;SINU URRA;174,29;1.861.400,00;104,57%
2018-01-30;CENTRO;AMOYA;8,15;950.200,00;61,30%
2018-01-30;CENTRO;BETANIA CP;86,25;1.231.700,00;62,21%
2018-01-30;CENTRO;BOGOTA N.R.;0,00;;
2018-01-30;CENTRO;EL QUIMBO;100,00;4.010.400,00;70,11%
2018-01-30;CENTRO;PRADO;26,02;303.600,00;56,22%
2018-01-30;CENTRO;SOGAMOSO;171,20;5.360.600,00;86,32%
2018-01-30;ORIENTE;BATA;8,69;1.439.600,00;56,02%
2018-01-30;ORIENTE;CHUZA;0,53;208.700,00;19,32%
2018-01-30;ORIENTE;GUAVIO;14,67;3.474.100,00;81,94%
2018-01-30;RIOS ESTIMADOS;OTROS RIOS (ESTIMADOS);;8.021.600,00;88,25%
2018-01-30;VALLE;ALTOANCHICAYA;31,52;3.358.200,00;74,63%
2018-01-30;VALLE;CALIMA;6,48;290.000,00;59,18%
2018-01-30;VALLE;CAUCA SALVAJINA;94,00;2.221.000,00;57,84%
2018-01-30;VALLE;DIGUA;21,31;272.100,00;80,03%
2018-01-30;VALLE;FLORIDA II;8,23;164.600,00;126,62%
2018-01-31;ANTIOQUIA;A. SAN LORENZO;20,65;4.703.100,00;85,67%
2018-01-31;ANTIOQUIA;CONCEPCION;4,23;1.166.600,00;82,74%
2018-01-31;ANTIOQUIA;DESV. EEPPM (NEC,PAJ,DOL);6,39;1.762.600,00;79,76%
2018-01-31;ANTIOQUIA;DESV. MANSO;1,33;63.500,00;12,21%
2018-01-31;ANTIOQUIA;GRANDE;16,61;5.669.500,00;71,95%
2018-01-31;ANTIOQUIA;GUADALUPE;10,57;2.916.700,00;76,76%
2018-01-31;ANTIOQUIA;GUATAPE;37,12;6.249.000,00;153,92%
2018-01-31;ANTIOQUIA;MIEL I;72,77;3.461.800,00;85,48%
2018-01-31;ANTIOQUIA;NARE;17,41;6.113.900,00;47,18%
2018-01-31;ANTIOQUIA;PORCE II;52,86;6.866.300,00;94,71%
2018-01-31;ANTIOQUIA;PORCE III;26,59;2.030.700,00;134,48%
2018-01-31;ANTIOQUIA;SAN CARLOS;14,73;1.929.600,00;82,82%
2018-01-31;ANTIOQUIA;TENCHE;3,00;827.900,00;111,88%
2018-01-31;CARIBE;SINU URRA;161,98;1.729.900,00;97,19%
2018-01-31;CENTRO;AMOYA;7,95;927.600,00;59,85%
2018-01-31;CENTRO;BETANIA CP;81,79;1.168.000,00;58,99%
2018-01-31;CENTRO;BOGOTA N.R.;6,34;2.496.200,00;72,14%
2018-01-31;CENTRO;EL QUIMBO;96,60;3.874.000,00;67,73%
2018-01-31;CENTRO;PRADO;28,67;334.500,00;61,94%
2018-01-31;CENTRO;SOGAMOSO;182,62;5.718.400,00;92,08%
2018-01-31;ORIENTE;BATA;8,55;1.416.400,00;55,11%
2018-01-31;ORIENTE;CHUZA;0,53;208.700,00;19,32%
2018-01-31;ORIENTE;GUAVIO;12,74;3.017.100,00;71,16%
2018-01-31;RIOS ESTIMADOS;OTROS RIOS (ESTIMADOS);;6.748.800,00;74,24%
2018-01-31;VALLE;ALTOANCHICAYA;28,60;3.047.100,00;67,71%
2018-01-31;VALLE;CALIMA;8,87;397.000,00;81,02%
2018-01-31;VALLE;CAUCA SALVAJINA;89,35;2.111.200,00;54,98%
2018-01-31;VALLE;DIGUA;86,40;1.103.400,00;324,53%
2018-01-31;VALLE;FLORIDA II;8,23;164.600,00;126,62%
2018-02-01;ANTIOQUIA;A. SAN LORENZO;19,66;4.476.300,00;88,64%
2018-02-01;ANTIOQUIA;CONCEPCION;3,86;1.064.700,00;81,27%
2018-02-01;ANTIOQUIA;DESV. EEPPM (NEC,PAJ,DOL);6,34;1.750.400,00;90,69%
2018-02-01;ANTIOQUIA;DESV. MANSO;0,59;28.000,00;5,71%
2018-02-01;ANTIOQUIA;GRANDE;15,86;5.412.800,00;73,34%
2018-02-01;ANTIOQUIA;GUADALUPE;13,42;3.704.000,00;105,53%
2018-02-01;ANTIOQUIA;GUATAPE;28,73;4.836.800,00;135,48%
2018-02-01;ANTIOQUIA;MIEL I;53,45;2.542.900,00;65,20%
2018-02-01;ANTIOQUIA;NARE;19,18;6.733.300,00;57,80%
2018-02-01;ANTIOQUIA;PORCE II;41,01;5.327.200,00;79,39%
2018-02-01;ANTIOQUIA;PORCE III;25,25;1.928.300,00;153,04%
2018-02-01;ANTIOQUIA;SAN CARLOS;14,79;1.937.900,00;95,94%
2018-02-01;ANTIOQUIA;TENCHE;1,84;506.800,00;62,57%
2018-02-01;CARIBE;SINU URRA;155,57;1.661.500,00;124,92%
2018-02-01;CENTRO;AMOYA;7,71;899.900,00;56,24%
2018-02-01;CENTRO;BETANIA CP;87,74;1.252.900,00;60,82%
2018-02-01;CENTRO;BOGOTA N.R.;2,14;842.600,00;25,85%
2018-02-01;CENTRO;EL QUIMBO;99,38;3.985.500,00;64,08%
2018-02-01;CENTRO;PRADO;18,87;220.200,00;36,10%
2018-02-01;CENTRO;SOGAMOSO;165,77;5.190.700,00;82,92%
2018-02-01;ORIENTE;BATA;14,91;2.470.000,00;106,01%
2018-02-01;ORIENTE;CHUZA;0,53;208.700,00;15,57%
2018-02-01;ORIENTE;GUAVIO;12,56;2.974.500,00;64,11%
2018-02-01;RIOS ESTIMADOS;OTROS RIOS (ESTIMADOS);;6.371.800,00;72,65%
2018-02-01;VALLE;ALTOANCHICAYA;26,87;2.862.800,00;70,34%
2018-02-01;VALLE;CALIMA;10,73;480.200,00;114,33%
2018-02-01;VALLE;CAUCA SALVAJINA;93,43;2.207.600,00;65,31%
2018-02-01;VALLE;DIGUA;13,36;170.600,00;58,83%
2018-02-01;VALLE;FLORIDA II;7,20;144.000,00;96,00%
2018-02-02;ANTIOQUIA;A. SAN LORENZO;22,72;5.173.100,00;102,44%
2018-02-02;ANTIOQUIA;CONCEPCION;4,44;1.225.900,00;93,58%
2018-02-02;ANTIOQUIA;DESV. EEPPM (NEC,PAJ,DOL);6,66;1.837.400,00;95,20%
2018-02-02;ANTIOQUIA;DESV. MANSO;3,01;143.200,00;29,22%
2018-02-02;ANTIOQUIA;GRANDE;18,53;6.324.200,00;85,69%
2018-02-02;ANTIOQUIA;GUADALUPE;15,84;4.372.300,00;124,57%
2018-02-02;ANTIOQUIA;GUATAPE;40,60;6.835.100,00;191,46%
2018-02-02;ANTIOQUIA;MIEL I;100,68;4.789.600,00;122,81%
2018-02-02;ANTIOQUIA;NARE;18,96;6.656.000,00;57,13%
2018-02-02;ANTIOQUIA;PORCE II;44,78;5.816.800,00;86,69%
2018-02-02;ANTIOQUIA;PORCE III;12,07;921.700,00;73,15%
2018-02-02;ANTIOQUIA;SAN CARLOS;14,24;1.866.200,00;92,39%
2018-02-02;ANTIOQUIA;TENCHE;3,67;1.012.500,00;125,00%
2018-02-02;CARIBE;SINU URRA;142,60;1.523.000,00;114,51%
2018-02-02;CENTRO;AMOYA;7,51;875.700,00;54,73%
2018-02-02;CENTRO;BETANIA CP;85,19;1.216.500,00;59,05%
2018-02-02;CENTRO;BOGOTA N.R.;0,00;;
2018-02-02;CENTRO;EL QUIMBO;99,58;3.993.600,00;64,21%
2018-02-02;CENTRO;PRADO;19,54;228.000,00;37,38%
2018-02-02;CENTRO;SOGAMOSO;161,78;5.065.700,00;80,92%
2018-02-02;ORIENTE;BATA;12,00;1.987.900,00;85,32%
2018-02-02;ORIENTE;CHUZA;0,53;208.700,00;15,57%
2018-02-02;ORIENTE;GUAVIO;12,67;3.000.500,00;64,67%
2018-02-02;RIOS ESTIMADOS;OTROS RIOS (ESTIMADOS);;7.113.100,00;81,11%
2018-02-02;VALLE;ALTOANCHICAYA;33,89;3.610.700,00;88,71%
2018-02-02;VALLE;CALIMA;7,92;354.500,00;84,40%
2018-02-02;VALLE;CAUCA SALVAJINA;96,04;2.269.200,00;67,14%
2018-02-02;VALLE;DIGUA;16,73;213.600,00;73,66%
2018-02-02;VALLE;FLORIDA II;7,30;146.000,00;97,33%
2018-02-03;ANTIOQUIA;A. SAN LORENZO;23,15;5.270.600,00;104,37%
2018-02-03;ANTIOQUIA;CONCEPCION;4,36;1.204.100,00;91,92%
2018-02-03;ANTIOQUIA;DESV. EEPPM (NEC,PAJ,DOL);7,93;2.189.300,00;113,44%
2018-02-03;ANTIOQUIA;DESV. MANSO;6,54;311.000,00;63,47%
2018-02-03;ANTIOQUIA;GRANDE;25,09;8.563.100,00;116,03%
2018-02-03;ANTIOQUIA;GUADALUPE;17,84;4.925.200,00;140,32%
2018-02-03;ANTIOQUIA;GUATAPE;46,97;7.906.300,00;221,46%
2018-02-03;ANTIOQUIA;MIEL I;80,98;3.852.400,00;98,78%
2018-02-03;ANTIOQUIA;NARE;31,95;11.217.200,00;96,28%
2018-02-03;ANTIOQUIA;PORCE II;100,17;13.012.300,00;193,92%
2018-02-03;ANTIOQUIA;PORCE III;2,00;152.900,00;12,13%
2018-02-03;ANTIOQUIA;SAN CARLOS;14,06;1.842.500,00;91,21%
2018-02-03;ANTIOQUIA;TENCHE;2,85;786.700,00;97,12%
2018-02-03;CARIBE;SINU URRA;140,37;1.499.200,00;112,72%
2018-02-03;CENTRO;AMOYA;8,12;946.700,00;59,17%
2018-02-03;CENTRO;BETANIA CP;93,08;1.329.200,00;64,52%
2018-02-03;CENTRO;BOGOTA N.R.;22,67;8.925.600,00;273,79%
2018-02-03;CENTRO;EL QUIMBO;96,52;3.870.800,00;62,23%
2018-02-03;CENTRO;PRADO;73,68;859.800,00;140,95%
2018-02-03;CENTRO;SOGAMOSO;182,86;5.725.900,00;91,47%
2018-02-03;ORIENTE;BATA;12,23;2.026.000,00;86,95%
2018-02-03;ORIENTE;CHUZA;1,07;421.300,00;31,44%
2018-02-03;ORIENTE;GUAVIO;13,52;3.201.800,00;69,00%
2018-02-03;RIOS ESTIMADOS;OTROS RIOS (ESTIMADOS);;9.595.200,00;109,41%
2018-02-03;VALLE;ALTOANCHICAYA;55,17;5.878.000,00;144,42%
2018-02-03;VALLE;CALIMA;10,55;472.200,00;112,43%
2018-02-03;VALLE;CAUCA SALVAJINA;117,80;2.783.400,00;82,35%
2018-02-03;VALLE;DIGUA;26,94;344.000,00;118,62%
2018-02-03;VALLE;FLORIDA II;7,20;144.000,00;96,00%
2018-02-04;ANTIOQUIA;A. SAN LORENZO;19,90;4.531.600,00;89,73%
2018-02-04;ANTIOQUIA;CONCEPCION;3,92;1.082.400,00;82,63%
2018-02-04;ANTIOQUIA;DESV. EEPPM (NEC,PAJ,DOL);6,60;1.821.400,00;94,37%
2018-02-04;ANTIOQUIA;DESV. MANSO;2,60;123.800,00;25,27%
2018-02-04;ANTIOQUIA;GRANDE;24,22;8.268.200,00;112,04%
2018-02-04;ANTIOQUIA;GUADALUPE;8,36;2.308.300,00;65,76%
2018-02-04;ANTIOQUIA;GUATAPE;35,51;5.978.300,00;167,46%
2018-02-04;ANTIOQUIA;MIEL I;61,49;2.925.300,00;75,01%
2018-02-04;ANTIOQUIA;NARE;20,45;7.179.200,00;61,62%
2018-02-04;ANTIOQUIA;PORCE II;39,15;5.085.700,00;75,79%
2018-02-04;ANTIOQUIA;PORCE III;1,41;107.900,00;8,56%
2018-02-04;ANTIOQUIA;SAN CARLOS;14,21;1.861.900,00;92,17%
2018-02-04;ANTIOQUIA;TENCHE;2,87;791.400,00;97,70%
2018-02-04;CARIBE;SINU URRA;135,53;1.447.500,00;108,83%
2018-02-04;CENTRO;AMOYA;8,61;1.004.300,00;62,77%
2018-02-04;CENTRO;BETANIA CP;130,05;1.857.100,00;90,15%
2018-02-04;CENTRO;BOGOTA N.R.;9,99;3.933.200,00;120,65%
2018-02-04;CENTRO;EL QUIMBO;128,37;5.148.200,00;82,77%
2018-02-04;CENTRO;PRADO;38,56;449.900,00;73,75%
2018-02-04;CENTRO;SOGAMOSO;183,74;5.753.400,00;91,91%
2018-02-04;ORIENTE;BATA;9,27;1.535.600,00;65,91%
2018-02-04;ORIENTE;CHUZA;0,53;208.700,00;15,57%
2018-02-04;ORIENTE;GUAVIO;12,61;2.986.300,00;64,36%
2018-02-04;RIOS ESTIMADOS;OTROS RIOS (ESTIMADOS);;7.315.600,00;83,42%
2018-02-04;VALLE;ALTOANCHICAYA;31,24;3.328.400,00;81,78%
2018-02-04;VALLE;CALIMA;7,88;352.700,00;83,98%
2018-02-04;VALLE;CAUCA SALVAJINA;119,60;2.825.900,00;83,61%
2018-02-04;VALLE;DIGUA;15,46;197.400,00;68,07%
2018-02-04;VALLE;FLORIDA II;7,20;144.000,00;96,00%
2018-02-05;ANTIOQUIA;A. SAN LORENZO;17,57;4.000.200,00;79,21%
2018-02-05;ANTIOQUIA;CONCEPCION;3,91;1.079.600,00;82,41%
2018-02-05;ANTIOQUIA;DESV. EEPPM (NEC,PAJ,DOL);6,37;1.759.300,00;91,16%
2018-02-05;ANTIOQUIA;DESV. MANSO;1,66;78.700,00;16,06%
2018-02-05;ANTIOQUIA;GRANDE;18,79;6.415.000,00;86,92%
2018-02-05;ANTIOQUIA;GUADALUPE;16,23;4.479.400,00;127,62%
2018-02-05;ANTIOQUIA;GUATAPE;29,77;5.010.800,00;140,36%
2018-02-05;ANTIOQUIA;MIEL I;51,07;2.429.400,00;62,29%
2018-02-05;ANTIOQUIA;NARE;15,65;5.493.800,00;47,16%
2018-02-05;ANTIOQUIA;PORCE II;46,71;6.067.500,00;90,42%
2018-02-05;ANTIOQUIA;PORCE III;9,85;752.600,00;59,73%
2018-02-05;ANTIOQUIA;SAN CARLOS;13,66;1.789.800,00;88,60%
2018-02-05;ANTIOQUIA;TENCHE;2,59;715.800,00;88,37%
2018-02-05;CARIBE;SINU URRA;126,66;1.352.700,00;101,71%
2018-02-05;CENTRO;AMOYA;8,53;994.800,00;62,18%
2018-02-05;CENTRO;BETANIA CP;115,89;1.654.900,00;80,33%
2018-02-05;CENTRO;BOGOTA N.R.;0,00;;
2018-02-05;CENTRO;EL QUIMBO;163,34;6.550.600,00;105,32%
2018-02-05;CENTRO;PRADO;102,09;1.191.300,00;195,30%
2018-02-05;CENTRO;SOGAMOSO;168,03;5.261.600,00;84,05%
2018-02-05;ORIENTE;BATA;10,10;1.673.100,00;71,81%
2018-02-05;ORIENTE;CHUZA;0,53;208.700,00;15,57%
2018-02-05;ORIENTE;GUAVIO;13,46;3.187.600,00;68,70%
2018-02-05;RIOS ESTIMADOS;OTROS RIOS (ESTIMADOS);;6.846.500,00;78,07%
2018-02-05;VALLE;ALTOANCHICAYA;35,07;3.736.500,00;91,81%
2018-02-05;VALLE;CALIMA;9,22;412.700,00;98,26%
2018-02-05;VALLE;CAUCA SALVAJINA;105,21;2.485.900,00;73,55%
2018-02-05;VALLE;DIGUA;17,29;220.800,00;76,14%
2018-02-05;VALLE;FLORIDA II;7,50;150.000,00;100,00%
2018-02-06;ANTIOQUIA;A. SAN LORENZO;16,89;3.845.300,00;76,14%
2018-02-06;ANTIOQUIA;CONCEPCION;5,16;1.425.200,00;108,79%
2018-02-06;ANTIOQUIA;DESV. EEPPM (NEC,PAJ,DOL);6,28;1.732.800,00;89,78%
2018-02-06;ANTIOQUIA;DESV. MANSO;1,04;49.700,00;10,14%
2018-02-06;ANTIOQUIA;GRANDE;17,08;5.830.600,00;79,01%
2018-02-06;ANTIOQUIA;GUADALUPE;15,74;4.344.400,00;123,77%
2018-02-06;ANTIOQUIA;GUATAPE;32,26;5.431.200,00;152,13%
2018-02-06;ANTIOQUIA;MIEL I;46,02;2.189.500,00;56,14%
2018-02-06;ANTIOQUIA;NARE;19,52;6.854.000,00;58,83%
2018-02-06;ANTIOQUIA;PORCE II;55,17;7.166.600,00;106,80%
2018-02-06;ANTIOQUIA;PORCE III;22,81;1.741.800,00;138,24%
2018-02-06;ANTIOQUIA;SAN CARLOS;13,37;1.751.400,00;86,70%
2018-02-06;ANTIOQUIA;TENCHE;2,09;576.900,00;71,22%
2018-02-06;CARIBE;SINU URRA;124,40;1.328.600,00;99,89%
2018-02-06;CENTRO;AMOYA;7,73;901.800,00;56,36%
2018-02-06;CENTRO;BETANIA CP;181,35;2.589.700,00;125,71%
2018-02-06;CENTRO;BOGOTA N.R.;4,54;1.787.500,00;54,83%
2018-02-06;CENTRO;EL QUIMBO;183,40;7.355.100,00;118,25%
2018-02-06;CENTRO;PRADO;119,46;1.394.000,00;228,52%
2018-02-06;CENTRO;SOGAMOSO;158,41;4.960.200,00;79,24%
2018-02-06;ORIENTE;BATA;9,76;1.616.800,00;69,39%
2018-02-06;ORIENTE;CHUZA;0,53;208.700,00;15,57%
2018-02-06;ORIENTE;GUAVIO;12,49;2.957.900,00;63,75%
2018-02-06;RIOS ESTIMADOS;OTROS RIOS (ESTIMADOS);;7.760.900,00;88,49%
2018-02-06;VALLE;ALTOANCHICAYA;35,45;3.777.000,00;92,80%
2018-02-06;VALLE;CALIMA;4,73;211.700,00;50,40%
2018-02-06;VALLE;CAUCA SALVAJINA;132,03;3.119.600,00;92,30%
2018-02-06;VALLE;DIGUA;17,47;223.100,00;76,93%
2018-02-06;VALLE;FLORIDA II;10,40;208.000,00;138,67%
2018-02-07;ANTIOQUIA;A. SAN LORENZO;16,35;3.722.100,00;73,70%
2018-02-07;ANTIOQUIA;CONCEPCION;3,93;1.083.500,00;82,71%
2018-02-07;ANTIOQUIA;DESV. EEPPM (NEC,PAJ,DOL);6,13;1.692.700,00;87,70%
2018-02-07;ANTIOQUIA;DESV. MANSO;0,51;24.000,00;4,90%
2018-02-07;ANTIOQUIA;GRANDE;16,50;5.631.900,00;76,31%
2018-02-07;ANTIOQUIA;GUADALUPE;8,74;2.412.100,00;68,72%
2018-02-07;ANTIOQUIA;GUATAPE;33,38;5.618.400,00;157,38%
2018-02-07;ANTIOQUIA;MIEL I;41,67;1.982.500,00;50,83%
2018-02-07;ANTIOQUIA;NARE;16,67;5.854.700,00;50,25%
2018-02-07;ANTIOQUIA;PORCE II;37,65;4.890.200,00;72,88%
2018-02-07;ANTIOQUIA;PORCE III;6,73;514.300,00;40,82%
2018-02-07;ANTIOQUIA;SAN CARLOS;12,89;1.689.300,00;83,63%
2018-02-07;ANTIOQUIA;TENCHE;2,64;729.600,00;90,07%
2018-02-07;CARIBE;SINU URRA;122,19;1.305.000,00;98,12%
2018-02-07;CENTRO;AMOYA;5,42;632.300,00;39,52%
2018-02-07;CENTRO;BETANIA CP;134,53;1.921.100,00;93,26%
2018-02-07;CENTRO;BOGOTA N.R.;14,95;5.886.100,00;180,56%
2018-02-07;CENTRO;EL QUIMBO;202,03;8.102.200,00;130,26%
2018-02-07;CENTRO;PRADO;134,23;1.566.300,00;256,77%
2018-02-07;CENTRO;SOGAMOSO;151,29;4.737.200,00;75,67%
2018-02-07;ORIENTE;BATA;9,29;1.539.000,00;66,05%
2018-02-07;ORIENTE;CHUZA;0,53;208.700,00;15,57%
2018-02-07;ORIENTE;GUAVIO;9,16;2.169.300,00;46,75%
2018-02-07;RIOS ESTIMADOS;OTROS RIOS (ESTIMADOS);;7.004.300,00;79,87%
2018-02-07;VALLE;ALTOANCHICAYA;36,81;3.921.900,00;96,36%
2018-02-07;VALLE;CALIMA;6,24;279.300,00;66,50%
2018-02-07;VALLE;CAUCA SALVAJINA;136,57;3.226.900,00;95,47%
2018-02-07;VALLE;DIGUA;18,13;231.500,00;79,83%
2018-02-07;VALLE;FLORIDA II;8,23;164.600,00;109,73%
2018-02-08;ANTIOQUIA;A. SAN LORENZO;15,94;3.629.700,00;71,88%
2018-02-08;ANTIOQUIA;CONCEPCION;3,82;1.054.500,00;80,50%
2018-02-08;ANTIOQUIA;DESV. EEPPM (NEC,PAJ,DOL);6,12;1.690.000,00;87,56%
2018-02-08;ANTIOQUIA;DESV. MANSO;0,06;3.000,00;0,61%
2018-02-08;ANTIOQUIA;GRANDE;15,02;5.126.400,00;69,46%
2018-02-08;ANTIOQUIA;GUADALUPE;13,10;3.616.000,00;103,02%
2018-02-08;ANTIOQUIA;GUATAPE;29,28;4.928.900,00;138,06%
2018-02-08;ANTIOQUIA;MIEL I;38,72;1.841.800,00;47,23%
2018-02-08;ANTIOQUIA;NARE;13,42;4.713.200,00;40,46%
2018-02-08;ANTIOQUIA;PORCE II;49,22;6.393.100,00;95,28%
2018-02-08;ANTIOQUIA;PORCE III;7,94;606.700,00;48,15%
2018-02-08;ANTIOQUIA;SAN CARLOS;12,70;1.663.600,00;82,36%
2018-02-08;ANTIOQUIA;TENCHE;2,62;721.900,00;89,12%
2018-02-08;CARIBE;SINU URRA;117,58;1.255.800,00;94,42%
2018-02-08;CENTRO;AMOYA;4,58;534.300,00;33,39%
2018-02-08;CENTRO;BETANIA CP;107,57;1.536.100,00;74,57%
2018-02-08;CENTRO;BOGOTA N.R.;0,00;;
2018-02-08;CENTRO;EL QUIMBO;152,96;6.134.300,00;98,62%
2018-02-08;CENTRO;PRADO;61,31;715.400,00;117,28%
2018-02-08;CENTRO;SOGAMOSO;148,44;4.648.000,00;74,25%
2018-02-08;ORIENTE;BATA;11,16;1.848.700,00;79,34%
2018-02-08;ORIENTE;CHUZA;0,54;212.600,00;15,87%
2018-02-08;ORIENTE;GUAVIO;13,25;3.137.900,00;67,63%
2018-02-08;RIOS ESTIMADOS;OTROS RIOS (ESTIMADOS);;6.263.300,00;71,42%
2018-02-08;VALLE;ALTOANCHICAYA;37,69;4.015.600,00;98,66%
2018-02-08;VALLE;CALIMA;8,39;375.500,00;89,40%
2018-02-08;VALLE;CAUCA SALVAJINA;102,72;2.427.100,00;71,81%
2018-02-08;VALLE;DIGUA;18,55;236.900,00;81,69%
2018-02-08;VALLE;FLORIDA II;8,23;164.600,00;109,73%
2018-02-09;ANTIOQUIA;A. SAN LORENZO;15,68;3.569.600,00;70,69%
2018-02-09;ANTIOQUIA;CONCEPCION;3,81;1.050.900,00;80,22%
2018-02-09;ANTIOQUIA;DESV. EEPPM (NEC,PAJ,DOL);6,08;1.678.900,00;86,99%
2018-02-09;ANTIOQUIA;DESV. MANSO;0,00;;
2018-02-09;ANTIOQUIA;GRANDE;12,76;4.353.900,00;59,00%
2018-02-09;ANTIOQUIA;GUADALUPE;10,91;3.012.800,00;85,83%
2018-02-09;ANTIOQUIA;GUATAPE;30,69;5.166.000,00;144,71%
2018-02-09;ANTIOQUIA;MIEL I;36,45;1.734.200,00;44,47%
2018-02-09;ANTIOQUIA;NARE;12,08;4.242.300,00;36,41%
2018-02-09;ANTIOQUIA;PORCE II;30,90;4.014.400,00;59,83%
2018-02-09;ANTIOQUIA;PORCE III;4,31;328.800,00;26,10%
2018-02-09;ANTIOQUIA;SAN CARLOS;12,40;1.624.700,00;80,43%
2018-02-09;ANTIOQUIA;TENCHE;2,76;762.700,00;94,16%
2018-02-09;CARIBE;SINU URRA;108,99;1.164.000,00;87,52%
2018-02-09;CENTRO;AMOYA;4,37;509.800,00;31,86%
2018-02-09;CENTRO;BETANIA CP;98,72;1.409.700,00;68,43%
2018-02-09;CENTRO;BOGOTA N.R.;9,67;3.807.200,00;116,79%
2018-02-09;CENTRO;EL QUIMBO;142,72;5.723.600,00;92,02%
2018-02-09;CENTRO;PRADO;69,16;807.000,00;132,30%
2018-02-09;CENTRO;SOGAMOSO;144,70;4.530.800,00;72,38%
2018-02-09;ORIENTE;BATA;13,08;2.166.800,00;93,00%
2018-02-09;ORIENTE;CHUZA;0,54;212.600,00;15,87%
2018-02-09;ORIENTE;GUAVIO;11,73;2.777.900,00;59,87%
2018-02-09;RIOS ESTIMADOS;OTROS RIOS (ESTIMADOS);;5.690.500,00;64,89%
2018-02-09;VALLE;ALTOANCHICAYA;34,62;3.688.500,00;90,63%
2018-02-09;VALLE;CALIMA;3,95;176.800,00;42,10%
2018-02-09;VALLE;CAUCA SALVAJINA;98,03;2.316.300,00;68,53%
2018-02-09;VALLE;DIGUA;17,08;218.100,00;75,21%
2018-02-09;VALLE;FLORIDA II;7,84;156.800,00;104,53%
2018-02-10;ANTIOQUIA;A. SAN LORENZO;15,26;3.475.300,00;68,82%
2018-02-10;ANTIOQUIA;CONCEPCION;3,65;1.007.900,00;76,94%
2018-02-10;ANTIOQUIA;DESV. EEPPM (NEC,PAJ,DOL);6,29;1.737.400,00;90,02%
2018-02-10;ANTIOQUIA;DESV. MANSO;0,00;;
2018-02-10;ANTIOQUIA;GRANDE;14,89;5.082.000,00;68,86%
2018-02-10;ANTIOQUIA;GUADALUPE;13,82;3.816.100,00;108,72%
2018-02-10;ANTIOQUIA;GUATAPE;33,98;5.720.600,00;160,24%
2018-02-10;ANTIOQUIA;MIEL I;45,45;2.161.900,00;55,43%
2018-02-10;ANTIOQUIA;NARE;18,40;6.460.100,00;55,45%
2018-02-10;ANTIOQUIA;PORCE II;35,21;4.573.500,00;68,16%
2018-02-10;ANTIOQUIA;PORCE III;29,49;2.251.900,00;178,72%
2018-02-10;ANTIOQUIA;SAN CARLOS;12,37;1.620.300,00;80,21%
2018-02-10;ANTIOQUIA;TENCHE;3,50;967.300,00;119,42%
2018-02-10;CARIBE;SINU URRA;109,74;1.172.000,00;88,12%
2018-02-10;CENTRO;AMOYA;4,23;493.600,00;30,85%
2018-02-10;CENTRO;BETANIA CP;99,03;1.414.100,00;68,65%
2018-02-10;CENTRO;BOGOTA N.R.;5,84;2.299.300,00;70,53%
2018-02-10;CENTRO;EL QUIMBO;135,64;5.439.700,00;87,45%
2018-02-10;CENTRO;PRADO;49,18;573.900,00;94,08%
2018-02-10;CENTRO;SOGAMOSO;141,11;4.418.500,00;70,58%
2018-02-10;ORIENTE;BATA;8,85;1.466.100,00;62,92%
2018-02-10;ORIENTE;CHUZA;0,00;;
2018-02-10;ORIENTE;GUAVIO;8,76;2.074.500,00;44,71%
2018-02-10;RIOS ESTIMADOS;OTROS RIOS (ESTIMADOS);;6.661.000,00;75,95%
2018-02-10;VALLE;ALTOANCHICAYA;37,77;4.024.100,00;98,87%
2018-02-10;VALLE;CALIMA;8,82;394.800,00;94,00%
2018-02-10;VALLE;CAUCA SALVAJINA;101,02;2.386.900,00;70,62%
2018-02-10;VALLE;DIGUA;18,59;237.400,00;81,86%
2018-02-10;VALLE;FLORIDA II;7,68;153.600,00;102,40%
2018-02-11;ANTIOQUIA;A. SAN LORENZO;16,30;3.712.300,00;73,51%
2018-02-11;ANTIOQUIA;CONCEPCION;3,82;1.054.000,00;80,46%
2018-02-11;ANTIOQUIA;DESV. EEPPM (NEC,PAJ,DOL);6,71;1.853.400,00;96,03%
2018-02-11;ANTIOQUIA;DESV. MANSO;3,67;174.600,00;35,63%
2018-02-11;ANTIOQUIA;GRANDE;16,34;5.575.900,00;75,55%
2018-02-11;ANTIOQUIA;GUADALUPE;12,99;3.585.300,00;102,15%
2018-02-11;ANTIOQUIA;GUATAPE;39,75;6.692.100,00;187,45%
2018-02-11;ANTIOQUIA;MIEL I;91,69;4.361.700,00;111,84%
2018-02-11;ANTIOQUIA;NARE;39,08;13.721.400,00;117,78%
2018-02-11;ANTIOQUIA;PORCE II;45,48;5.908.000,00;88,05%
2018-02-11;ANTIOQUIA;PORCE III;7,76;592.900,00;47,06%
2018-02-11;ANTIOQUIA;SAN CARLOS;12,25;1.605.100,00;79,46%
2018-02-11;ANTIOQUIA;TENCHE;2,21;609.200,00;75,21%
2018-02-11;CARIBE;SINU URRA;103,03;1.100.400,00;82,74%
2018-02-11;CENTRO;AMOYA;4,15;483.800,00;30,24%
2018-02-11;CENTRO;BETANIA CP;90,58;1.293.500,00;62,79%
2018-02-11;CENTRO;BOGOTA N.R.;3,02;1.189.000,00;36,47%
2018-02-11;CENTRO;EL QUIMBO;131,27;5.264.500,00;84,64%
2018-02-11;CENTRO;PRADO;43,44;506.900,00;83,10%
2018-02-11;CENTRO;SOGAMOSO;139,26;4.360.600,00;69,66%
2018-02-11;ORIENTE;BATA;7,04;1.166.200,00;50,05%
2018-02-11;ORIENTE;CHUZA;0,54;212.600,00;15,87%
2018-02-11;ORIENTE;GUAVIO;11,05;2.616.900,00;56,40%
2018-02-11;RIOS ESTIMADOS;OTROS RIOS (ESTIMADOS);;7.481.600,00;85,31%
2018-02-11;VALLE;ALTOANCHICAYA;31,78;3.385.900,00;83,19%
2018-02-11;VALLE;CALIMA;11,03;493.700,00;117,55%
2018-02-11;VALLE;CAUCA SALVAJINA;101,58;2.400.100,00;71,01%
2018-02-11;VALLE;DIGUA;15,72;200.800,00;69,24%
2018-02-11;VALLE;FLORIDA II;6,78;135.600,00;90,40%
2018-02-12;ANTIOQUIA;A. SAN LORENZO;26,33;5.995.400,00;118,72%
2018-02-12;ANTIOQUIA;CONCEPCION;3,95;1.090.700,00;83,26%
2018-02-12;ANTIOQUIA;DESV. EEPPM (NEC,PAJ,DOL);6,83;1.885.400,00;97,69%
2018-02-12;ANTIOQUIA;DESV. MANSO;4,72;224.300,00;45,78%
2018-02-12;ANTIOQUIA;GRANDE;15,91;5.430.500,00;73,58%
2018-02-12;ANTIOQUIA;GUADALUPE;10,65;2.939.900,00;83,76%
2018-02-12;ANTIOQUIA;GUATAPE;55,40;9.325.400,00;261,22%
2018-02-12;ANTIOQUIA;MIEL I;112,22;5.338.600,00;136,89%
2018-02-12;ANTIOQUIA;NARE;44,68;15.687.800,00;134,66%
2018-02-12;ANTIOQUIA;PORCE II;44,72;5.808.600,00;86,57%
2018-02-12;ANTIOQUIA;PORCE III;7,46;569.400,00;45,19%
2018-02-12;ANTIOQUIA;SAN CARLOS;10,62;1.390.900,00;68,86%
2018-02-12;ANTIOQUIA;TENCHE;3,60;993.800,00;122,69%
2018-02-12;CARIBE;SINU URRA;98,13;1.048.000,00;78,80%
2018-02-12;CENTRO;AMOYA;4,12;480.600,00;30,04%
2018-02-12;CENTRO;BETANIA CP;86,11;1.229.700,00;59,69%
2018-02-12;CENTRO;BOGOTA N.R.;2,72;1.070.900,00;32,85%
2018-02-12;CENTRO;EL QUIMBO;127,88;5.128.500,00;82,45%
2018-02-12;CENTRO;PRADO;31,12;363.100,00;59,52%
2018-02-12;CENTRO;SOGAMOSO;148,56;4.652.000,00;74,31%
2018-02-12;ORIENTE;BATA;5,39;892.900,00;38,32%
2018-02-12;ORIENTE;CHUZA;0,00;;
2018-02-12;ORIENTE;GUAVIO;8,87;2.100.600,00;45,27%
2018-02-12;RIOS ESTIMADOS;OTROS RIOS (ESTIMADOS);;7.712.500,00;87,94%
2018-02-12;VALLE;ALTOANCHICAYA;24,92;2.655.100,00;65,24%
2018-02-12;VALLE;CALIMA;7,08;316.900,00;75,45%
2018-02-12;VALLE;CAUCA SALVAJINA;88,73;2.096.500,00;62,03%
2018-02-12;VALLE;DIGUA;12,42;158.600,00;54,69%
2018-02-12;VALLE;FLORIDA II;6,35;127.000,00;84,67%
2018-02-13;ANTIOQUIA;A. SAN LORENZO;24,89;5.667.000,00;112,22%
2018-02-13;ANTIOQUIA;CONCEPCION;3,61;996.800,00;76,09%
2018-02-13;ANTIOQUIA;DESV. EEPPM (NEC,PAJ,DOL);7,94;2.192.100,00;113,58%
2018-02-13;ANTIOQUIA;DESV. MANSO;5,78;274.900,00;56,10%
2018-02-13;ANTIOQUIA;GRANDE;15,46;5.277.900,00;71,52%
2018-02-13;ANTIOQUIA;GUADALUPE;10,13;2.797.200,00;79,69%
2018-02-13;ANTIOQUIA;GUATAPE;50,05;8.426.000,00;236,02%
2018-02-13;ANTIOQUIA;MIEL I;119,81;5.699.500,00;146,14%
2018-02-13;ANTIOQUIA;NARE;18,41;6.463.900,00;55,48%
2018-02-13;ANTIOQUIA;PORCE II;40,13;5.212.700,00;77,69%
2018-02-13;ANTIOQUIA;PORCE III;24,81;1.894.700,00;150,37%
2018-02-13;ANTIOQUIA;SAN CARLOS;15,09;1.977.300,00;97,89%
2018-02-13;ANTIOQUIA;TENCHE;2,41;666.100,00;82,23%
2018-02-13;CARIBE;SINU URRA;116,43;1.243.500,00;93,50%
2018-02-13;CENTRO;AMOYA;4,05;472.500,00;29,53%
2018-02-13;CENTRO;BETANIA CP;82,93;1.184.200,00;57,49%
2018-02-13;CENTRO;BOGOTA N.R.;3,77;1.484.300,00;45,53%
2018-02-13;CENTRO;EL QUIMBO;125,55;5.035.100,00;80,95%
2018-02-13;CENTRO;PRADO;15,02;175.300,00;28,74%
2018-02-13;CENTRO;SOGAMOSO;157,28;4.924.800,00;78,67%
2018-02-13;ORIENTE;BATA;5,85;969.100,00;41,59%
2018-02-13;ORIENTE;CHUZA;0,00;;
2018-02-13;ORIENTE;GUAVIO;8,97;2.124.300,00;45,78%
2018-02-13;RIOS ESTIMADOS;OTROS RIOS (ESTIMADOS);;6.888.100,00;78,54%
2018-02-13;VALLE;ALTOANCHICAYA;22,77;2.426.000,00;59,61%
2018-02-13;VALLE;CALIMA;10,24;458.300,00;109,12%
2018-02-13;VALLE;CAUCA SALVAJINA;88,76;2.097.200,00;62,05%
2018-02-13;VALLE;DIGUA;11,39;145.500,00;50,17%
2018-02-13;VALLE;FLORIDA II;5,11;102.200,00;68,13%
2018-02-14;ANTIOQUIA;A. SAN LORENZO;18,00;4.098.500,00;81,16%
2018-02-14;ANTIOQUIA;CONCEPCION;3,47;956.800,00;73,04%
2018-02-14;ANTIOQUIA;DESV. EEPPM (NEC,PAJ,DOL);7,84;2.163.100,00;112,08%
2018-02-14;ANTIOQUIA;DESV. MANSO;4,45;211.700,00;43,20%
2018-02-14;ANTIOQUIA;GRANDE;18,47;6.305.100,00;85,43%
2018-02-14;ANTIOQUIA;GUADALUPE;9,89;2.729.000,00;77,75%
2018-02-14;ANTIOQUIA;GUATAPE;36,24;6.100.000,00;170,87%
2018-02-14;ANTIOQUIA;MIEL I;183,27;8.718.500,00;223,55%
2018-02-14;ANTIOQUIA;NARE;10,45;3.670.000,00;31,50%
2018-02-14;ANTIOQUIA;PORCE II;48,72;6.328.200,00;94,31%
2018-02-14;ANTIOQUIA;PORCE III;5,85;446.500,00;35,44%
2018-02-14;ANTIOQUIA;SAN CARLOS;12,68;1.661.000,00;82,23%
2018-02-14;ANTIOQUIA;TENCHE;3,11;857.100,00;105,81%
2018-02-14;CARIBE;SINU URRA;105,78;1.129.700,00;84,94%
2018-02-14;CENTRO;AMOYA;4,01;467.700,00;29,23%
2018-02-14;CENTRO;BETANIA CP;82,62;1.179.800,00;57,27%
2018-02-14;CENTRO;BOGOTA N.R.;5,77;2.271.800,00;69,69%
2018-02-14;CENTRO;EL QUIMBO;124,69;5.000.600,00;80,40%
2018-02-14;CENTRO;PRADO;88,67;1.034.700,00;169,62%
2018-02-14;CENTRO;SOGAMOSO;169,17;5.297.200,00;84,62%
2018-02-14;ORIENTE;BATA;7,21;1.194.400,00;51,26%
2018-02-14;ORIENTE;CHUZA;0,54;212.600,00;15,87%
2018-02-14;ORIENTE;GUAVIO;8,03;1.901.700,00;40,98%
2018-02-14;RIOS ESTIMADOS;OTROS RIOS (ESTIMADOS);;6.646.900,00;75,79%
2018-02-14;VALLE;ALTOANCHICAYA;40,42;4.306.500,00;105,81%
2018-02-14;VALLE;CALIMA;10,65;476.700,00;113,50%
2018-02-14;VALLE;CAUCA SALVAJINA;91,47;2.161.300,00;63,94%
2018-02-14;VALLE;DIGUA;19,86;253.600,00;87,45%
2018-02-14;VALLE;FLORIDA II;6,20;124.000,00;82,67%
2018-02-15;ANTIOQUIA;A. SAN LORENZO;16,08;3.660.900,00;72,49%
2018-02-15;ANTIOQUIA;CONCEPCION;3,62;998.700,00;76,24%
2018-02-15;ANTIOQUIA;DESV. EEPPM (NEC,PAJ,DOL);6,53;1.802.000,00;93,37%
2018-02-15;ANTIOQUIA;DESV. MANSO;2,62;124.600,00;25,43%
2018-02-15;ANTIOQUIA;GRANDE;17,28;5.897.200,00;79,91%
2018-02-15;ANTIOQUIA;GUADALUPE;11,46;3.163.200,00;90,12%
2018-02-15;ANTIOQUIA;GUATAPE;37,72;6.350.200,00;177,88%
2018-02-15;ANTIOQUIA;MIEL I;96,84;4.607.000,00;118,13%
2018-02-15;ANTIOQUIA;NARE;14,09;4.947.400,00;42,47%
2018-02-15;ANTIOQUIA;PORCE II;37,72;4.900.400,00;73,03%
2018-02-15;ANTIOQUIA;PORCE III;4,64;354.000,00;28,10%
2018-02-15;ANTIOQUIA;SAN CARLOS;12,11;1.586.700,00;78,55%
2018-02-15;ANTIOQUIA;TENCHE;2,86;789.500,00;97,47%
2018-02-15;CARIBE;SINU URRA;95,88;1.024.000,00;76,99%
2018-02-15;CENTRO;AMOYA;4,17;486.600,00;30,41%
2018-02-15;CENTRO;BETANIA CP;92,96;1.327.500,00;64,44%
2018-02-15;CENTRO;BOGOTA N.R.;8,96;3.527.700,00;108,21%
2018-02-15;CENTRO;EL QUIMBO;127,53;5.114.500,00;82,23%
2018-02-15;CENTRO;PRADO;47,29;551.800,00;90,46%
2018-02-15;CENTRO;SOGAMOSO;169,19;5.297.800,00;84,63%
2018-02-15;ORIENTE;BATA;7,87;1.303.700,00;55,95%
2018-02-15;ORIENTE;CHUZA;0,00;;
2018-02-15;ORIENTE;GUAVIO;8,39;1.986.900,00;42,82%
2018-02-15;RIOS ESTIMADOS;OTROS RIOS (ESTIMADOS);;7.690.400,00;87,69%
2018-02-15;VALLE;ALTOANCHICAYA;122,99;13.103.700,00;321,96%
2018-02-15;VALLE;CALIMA;19,86;888.900,00;211,64%
2018-02-15;VALLE;CAUCA SALVAJINA;95,70;2.261.200,00;66,90%
2018-02-15;VALLE;DIGUA;59,51;760.000,00;262,07%
2018-02-15;VALLE;FLORIDA II;5,71;114.200,00;76,13%
2018-02-16;ANTIOQUIA;A. SAN LORENZO;15,10;3.439.300,00;68,10%
2018-02-16;ANTIOQUIA;CONCEPCION;3,72;1.027.700,00;78,45%
2018-02-16;ANTIOQUIA;DESV. EEPPM (NEC,PAJ,DOL);6,29;1.736.600,00;89,98%
2018-02-16;ANTIOQUIA;DESV. MANSO;1,79;84.900,00;17,33%
2018-02-16;ANTIOQUIA;GRANDE;18,13;6.188.300,00;83,85%
2018-02-16;ANTIOQUIA;GUADALUPE;14,63;4.038.000,00;115,04%
2018-02-16;ANTIOQUIA;GUATAPE;40,10;6.750.500,00;189,09%
2018-02-16;ANTIOQUIA;MIEL I;82,14;3.907.600,00;100,19%
2018-02-16;ANTIOQUIA;NARE;14,10;4.952.000,00;42,51%
2018-02-16;ANTIOQUIA;PORCE II;50,63;6.576.700,00;98,01%
2018-02-16;ANTIOQUIA;PORCE III;24,63;1.881.400,00;149,32%
2018-02-16;ANTIOQUIA;SAN CARLOS;11,81;1.547.900,00;76,63%
2018-02-16;ANTIOQUIA;TENCHE;2,49;686.800,00;84,79%
2018-02-16;CARIBE;SINU URRA;93,94;1.003.300,00;75,44%
2018-02-16;CENTRO;AMOYA;4,24;494.400,00;30,90%
2018-02-16;CENTRO;BETANIA CP;85,93;1.227.100,00;59,57%
2018-02-16;CENTRO;BOGOTA N.R.;20,39;8.027.900,00;246,25%
2018-02-16;CENTRO;EL QUIMBO;108,22;4.340.100,00;69,78%
2018-02-16;CENTRO;PRADO;33,48;390.700,00;64,05%
2018-02-16;CENTRO;SOGAMOSO;187,83;5.881.500,00;93,95%
2018-02-16;ORIENTE;BATA;7,95;1.317.000,00;56,52%
2018-02-16;ORIENTE;CHUZA;0,54;212.600,00;15,87%
2018-02-16;ORIENTE;GUAVIO;9,48;2.245.100,00;48,39%
2018-02-16;RIOS ESTIMADOS;OTROS RIOS (ESTIMADOS);;7.461.400,00;85,08%
2018-02-16;VALLE;ALTOANCHICAYA;47,18;5.026.700,00;123,51%
2018-02-16;VALLE;CALIMA;13,76;615.900,00;146,64%
2018-02-16;VALLE;CAUCA SALVAJINA;108,05;2.553.000,00;75,53%
2018-02-16;VALLE;DIGUA;23,11;295.100,00;101,76%
2018-02-16;VALLE;FLORIDA II;6,20;124.000,00;82,67%
2018-02-17;ANTIOQUIA;A. SAN LORENZO;15,08;3.432.900,00;67,98%
2018-02-17;ANTIOQUIA;CONCEPCION;3,67;1.012.300,00;77,27%
2018-02-17;ANTIOQUIA;DESV. EEPPM (NEC,PAJ,DOL);6,20;1.711.500,00;88,68%
2018-02-17;ANTIOQUIA;DESV. MANSO;4,07;193.400,00;39,47%
2018-02-17;ANTIOQUIA;GRANDE;18,92;6.458.000,00;87,51%
2018-02-17;ANTIOQUIA;GUADALUPE;9,67;2.668.000,00;76,01%
2018-02-17;ANTIOQUIA;GUATAPE;40,70;6.851.500,00;191,92%
2018-02-17;ANTIOQUIA;MIEL I;143,35;6.819.700,00;174,86%
2018-02-17;ANTIOQUIA;NARE;26,61;9.342.500,00;80,19%
2018-02-17;ANTIOQUIA;PORCE II;43,05;5.592.700,00;83,35%
2018-02-17;ANTIOQUIA;PORCE III;7,22;551.300,00;43,75%
2018-02-17;ANTIOQUIA;SAN CARLOS;13,57;1.778.000,00;88,02%
2018-02-17;ANTIOQUIA;TENCHE;3,24;893.000,00;110,25%
2018-02-17;CARIBE;SINU URRA;92,27;985.400,00;74,09%
2018-02-17;CENTRO;AMOYA;4,01;467.200,00;29,20%
2018-02-17;CENTRO;BETANIA CP;85,50;1.220.900,00;59,27%
2018-02-17;CENTRO;BOGOTA N.R.;3,13;1.232.300,00;37,80%
2018-02-17;CENTRO;EL QUIMBO;124,22;4.981.700,00;80,09%
2018-02-17;CENTRO;PRADO;38,10;444.600,00;72,89%
2018-02-17;CENTRO;SOGAMOSO;203,69;6.378.100,00;101,89%
2018-02-17;ORIENTE;BATA;9,17;1.519.100,00;65,20%
2018-02-17;ORIENTE;CHUZA;0,54;212.600,00;15,87%
2018-02-17;ORIENTE;GUAVIO;11,06;2.619.200,00;56,45%
2018-02-17;RIOS ESTIMADOS;OTROS RIOS (ESTIMADOS);;7.624.700,00;86,94%
2018-02-17;VALLE;ALTOANCHICAYA;61,16;6.516.200,00;160,10%
2018-02-17;VALLE;CALIMA;22,03;986.000,00;234,76%
2018-02-17;VALLE;CAUCA SALVAJINA;110,08;2.601.000,00;76,95%
2018-02-17;VALLE;DIGUA;29,82;380.800,00;131,31%
2018-02-17;VALLE;FLORIDA II;6,20;124.000,00;82,67%
2018-02-18;ANTIOQUIA;A. SAN LORENZO;15,08;3.432.900,00;67,98%
2018-02-18;ANTIOQUIA;CONCEPCION;3,62;999.600,00;76,31%
2018-02-18;ANTIOQUIA;DESV. EEPPM (NEC,PAJ,DOL);6,09;1.681.700,00;87,13%
2018-02-18;ANTIOQUIA;DESV. MANSO;2,96;140.700,00;28,71%
2018-02-18;ANTIOQUIA;GRANDE;15,98;5.456.100,00;73,93%
2018-02-18;ANTIOQUIA;GUADALUPE;8,12;2.240.700,00;63,84%
2018-02-18;ANTIOQUIA;GUATAPE;43,66;7.348.900,00;205,85%
2018-02-18;ANTIOQUIA;MIEL I;111,95;5.325.800,00;136,56%
2018-02-18;ANTIOQUIA;NARE;14,10;4.950.200,00;42,49%
2018-02-18;ANTIOQUIA;PORCE II;45,26;5.879.600,00;87,62%
2018-02-18;ANTIOQUIA;PORCE III;6,50;496.700,00;39,42%
2018-02-18;ANTIOQUIA;SAN CARLOS;17,36;2.274.900,00;112,62%
2018-02-18;ANTIOQUIA;TENCHE;3,28;904.100,00;111,62%
2018-02-18;CARIBE;SINU URRA;86,07;919.200,00;69,11%
2018-02-18;CENTRO;AMOYA;5,23;610.500,00;38,16%
2018-02-18;CENTRO;BETANIA CP;101,90;1.455.100,00;70,64%
2018-02-18;CENTRO;BOGOTA N.R.;12,44;4.897.800,00;150,24%
2018-02-18;CENTRO;EL QUIMBO;142,45;5.712.800,00;91,85%
2018-02-18;CENTRO;PRADO;61,50;717.600,00;117,64%
2018-02-18;CENTRO;SOGAMOSO;215,14;6.736.600,00;107,61%
2018-02-18;ORIENTE;BATA;7,55;1.250.700,00;53,68%
2018-02-18;ORIENTE;CHUZA;0,00;;
2018-02-18;ORIENTE;GUAVIO;8,47;2.005.900,00;43,23%
2018-02-18;RIOS ESTIMADOS;OTROS RIOS (ESTIMADOS);;7.470.900,00;85,19%
2018-02-18;VALLE;ALTOANCHICAYA;73,49;7.829.900,00;192,38%
2018-02-18;VALLE;CALIMA;17,38;777.900,00;185,21%
2018-02-18;VALLE;CAUCA SALVAJINA;158,21;3.738.200,00;110,60%
2018-02-18;VALLE;DIGUA;35,74;456.400,00;157,38%
2018-02-18;VALLE;FLORIDA II;6,86;137.200,00;91,47%
2018-02-19;ANTIOQUIA;A. SAN LORENZO;14,24;3.243.000,00;64,22%
2018-02-19;ANTIOQUIA;CONCEPCION;3,48;960.400,00;73,31%
2018-02-19;ANTIOQUIA;DESV. EEPPM (NEC,PAJ,DOL);5,96;1.645.500,00;85,26%
2018-02-19;ANTIOQUIA;DESV. MANSO;3,01;143.000,00;29,18%
2018-02-19;ANTIOQUIA;GRANDE;15,96;5.448.300,00;73,83%
2018-02-19;ANTIOQUIA;GUADALUPE;14,58;4.025.600,00;114,69%
2018-02-19;ANTIOQUIA;GUATAPE;38,47;6.476.400,00;181,41%
2018-02-19;ANTIOQUIA;MIEL I;96,00;4.566.800,00;117,10%
2018-02-19;ANTIOQUIA;NARE;18,44;6.473.100,00;55,56%
2018-02-19;ANTIOQUIA;PORCE II;30,93;4.017.200,00;59,87%
2018-02-19;ANTIOQUIA;PORCE III;31,65;2.416.900,00;191,82%
2018-02-19;ANTIOQUIA;SAN CARLOS;11,93;1.563.100,00;77,38%
2018-02-19;ANTIOQUIA;TENCHE;2,18;600.400,00;74,12%
2018-02-19;CARIBE;SINU URRA;80,57;860.500,00;64,70%
2018-02-19;CENTRO;AMOYA;9,24;1.078.300,00;67,39%
2018-02-19;CENTRO;BETANIA CP;150,77;2.153.000,00;104,51%
2018-02-19;CENTRO;BOGOTA N.R.;15,21;5.988.400,00;183,69%
2018-02-19;CENTRO;EL QUIMBO;185,19;7.426.900,00;119,40%
2018-02-19;CENTRO;PRADO;328,85;3.837.300,00;629,07%
2018-02-19;CENTRO;SOGAMOSO;173,39;5.429.300,00;86,73%
2018-02-19;ORIENTE;BATA;8,06;1.335.200,00;57,30%
2018-02-19;ORIENTE;CHUZA;0,54;212.600,00;15,87%
2018-02-19;ORIENTE;GUAVIO;8,71;2.062.700,00;44,45%
2018-02-19;RIOS ESTIMADOS;OTROS RIOS (ESTIMADOS);;8.578.400,00;97,82%
2018-02-19;VALLE;ALTOANCHICAYA;76,02;8.099.400,00;199,00%
2018-02-19;VALLE;CALIMA;22,14;990.900,00;235,93%
2018-02-19;VALLE;CAUCA SALVAJINA;212,39;5.018.400,00;148,47%
2018-02-19;VALLE;DIGUA;36,96;472.000,00;162,76%
2018-02-19;VALLE;FLORIDA II;7,44;148.800,00;99,20%
2018-02-20;ANTIOQUIA;A. SAN LORENZO;13,88;3.159.700,00;62,57%
2018-02-20;ANTIOQUIA;CONCEPCION;3,59;991.600,00;75,69%
2018-02-20;ANTIOQUIA;DESV. EEPPM (NEC,PAJ,DOL);5,93;1.636.700,00;84,80%
2018-02-20;ANTIOQUIA;DESV. MANSO;1,52;72.200,00;14,73%
2018-02-20;ANTIOQUIA;GRANDE;18,15;6.196.900,00;83,97%
2018-02-20;ANTIOQUIA;GUADALUPE;13,33;3.680.000,00;104,84%
2018-02-20;ANTIOQUIA;GUATAPE;31,42;5.289.400,00;148,16%
2018-02-20;ANTIOQUIA;MIEL I;82,45;3.922.600,00;100,58%
2018-02-20;ANTIOQUIA;NARE;18,41;6.465.300,00;55,50%
2018-02-20;ANTIOQUIA;PORCE II;36,41;4.729.900,00;70,49%
2018-02-20;ANTIOQUIA;PORCE III;31,44;2.401.000,00;190,56%
2018-02-20;ANTIOQUIA;SAN CARLOS;11,38;1.491.700,00;73,85%
2018-02-20;ANTIOQUIA;TENCHE;2,71;747.000,00;92,22%
2018-02-20;CARIBE;SINU URRA;91,94;981.900,00;73,83%
2018-02-20;CENTRO;AMOYA;5,97;695.900,00;43,49%
2018-02-20;CENTRO;BETANIA CP;136,23;1.945.400,00;94,44%
2018-02-20;CENTRO;BOGOTA N.R.;2,86;1.126.000,00;34,54%
2018-02-20;CENTRO;EL QUIMBO;208,92;8.378.500,00;134,70%
2018-02-20;CENTRO;PRADO;164,63;1.921.000,00;314,92%
2018-02-20;CENTRO;SOGAMOSO;159,70;5.000.700,00;79,88%
2018-02-20;ORIENTE;BATA;9,50;1.573.700,00;67,54%
2018-02-20;ORIENTE;CHUZA;0,54;212.600,00;15,87%
2018-02-20;ORIENTE;GUAVIO;10,82;2.562.400,00;55,22%
2018-02-20;RIOS ESTIMADOS;OTROS RIOS (ESTIMADOS);;7.471.800,00;85,20%
2018-02-20;VALLE;ALTOANCHICAYA;43,30;4.613.300,00;113,35%
2018-02-20;VALLE;CALIMA;12,11;542.000,00;129,05%
2018-02-20;VALLE;CAUCA SALVAJINA;170,15;4.020.300,00;118,94%
2018-02-20;VALLE;DIGUA;21,24;271.200,00;93,52%
2018-02-20;VALLE;FLORIDA II;8,72;174.400,00;116,27%
2018-02-21;ANTIOQUIA;A. SAN LORENZO;13,49;3.072.500,00;60,84%
2018-02-21;ANTIOQUIA;CONCEPCION;3,56;982.700,00;75,02%
2018-02-21;ANTIOQUIA;DESV. EEPPM (NEC,PAJ,DOL);5,79;1.598.000,00;82,80%
2018-02-21;ANTIOQUIA;DESV. MANSO;1,11;52.900,00;10,80%
2018-02-21;ANTIOQUIA;GRANDE;15,33;5.234.300,00;70,93%
2018-02-21;ANTIOQUIA;GUADALUPE;11,38;3.141.700,00;89,51%
2018-02-21;ANTIOQUIA;GUATAPE;27,46;4.622.100,00;129,47%
2018-02-21;ANTIOQUIA;MIEL I;72,54;3.451.000,00;88,49%
2018-02-21;ANTIOQUIA;NARE;5,94;2.084.000,00;17,89%
2018-02-21;ANTIOQUIA;PORCE II;35,98;4.673.900,00;69,66%
2018-02-21;ANTIOQUIA;PORCE III;25,88;1.976.800,00;156,89%
2018-02-21;ANTIOQUIA;SAN CARLOS;10,92;1.430.400,00;70,81%
2018-02-21;ANTIOQUIA;TENCHE;2,75;758.300,00;93,62%
2018-02-21;CARIBE;SINU URRA;81,70;872.600,00;65,61%
2018-02-21;CENTRO;AMOYA;5,93;691.500,00;43,22%
2018-02-21;CENTRO;BETANIA CP;183,25;2.616.800,00;127,03%
2018-02-21;CENTRO;BOGOTA N.R.;19,54;7.693.200,00;235,99%
2018-02-21;CENTRO;EL QUIMBO;323,97;12.992.500,00;208,88%
2018-02-21;CENTRO;PRADO;254,27;2.967.000,00;486,39%
2018-02-21;CENTRO;SOGAMOSO;148,83;4.660.300,00;74,45%
2018-02-21;ORIENTE;BATA;8,26;1.368.300,00;58,73%
2018-02-21;ORIENTE;CHUZA;1,07;421.300,00;31,44%
2018-02-21;ORIENTE;GUAVIO;11,04;2.614.500,00;56,35%
2018-02-21;RIOS ESTIMADOS;OTROS RIOS (ESTIMADOS);;8.318.200,00;94,85%
2018-02-21;VALLE;ALTOANCHICAYA;42,46;4.523.800,00;111,15%
2018-02-21;VALLE;CALIMA;13,86;620.300,00;147,69%
2018-02-21;VALLE;CAUCA SALVAJINA;250,03;5.907.700,00;174,78%
2018-02-21;VALLE;DIGUA;20,84;266.100,00;91,76%
2018-02-21;VALLE;FLORIDA II;13,29;265.800,00;177,20%
2018-02-22;ANTIOQUIA;A. SAN LORENZO;14,38;3.274.500,00;64,84%
2018-02-22;ANTIOQUIA;CONCEPCION;3,50;966.400,00;73,77%
2018-02-22;ANTIOQUIA;DESV. EEPPM (NEC,PAJ,DOL);5,77;1.593.600,00;82,57%
2018-02-22;ANTIOQUIA;DESV. MANSO;0,47;22.500,00;4,59%
2018-02-22;ANTIOQUIA;GRANDE;14,63;4.993.300,00;67,66%
2018-02-22;ANTIOQUIA;GUADALUPE;10,98;3.031.600,00;86,37%
2018-02-22;ANTIOQUIA;GUATAPE;34,37;5.785.000,00;162,04%
2018-02-22;ANTIOQUIA;MIEL I;71,40;3.396.800,00;87,10%
2018-02-22;ANTIOQUIA;NARE;19,92;6.995.900,00;60,05%
2018-02-22;ANTIOQUIA;PORCE II;37,53;4.875.100,00;72,65%
2018-02-22;ANTIOQUIA;PORCE III;4,94;377.100,00;29,93%
2018-02-22;ANTIOQUIA;SAN CARLOS;10,96;1.436.000,00;71,09%
2018-02-22;ANTIOQUIA;TENCHE;2,83;782.000,00;96,54%
2018-02-22;CARIBE;SINU URRA;76,05;812.200,00;61,07%
2018-02-22;CENTRO;AMOYA;9,10;1.061.300,00;66,33%
2018-02-22;CENTRO;BETANIA CP;169,84;2.425.300,00;117,73%
2018-02-22;CENTRO;BOGOTA N.R.;2,64;1.039.400,00;31,88%
2018-02-22;CENTRO;EL QUIMBO;267,57;10.730.600,00;172,52%
2018-02-22;CENTRO;PRADO;315,86;3.685.700,00;604,21%
2018-02-22;CENTRO;SOGAMOSO;142,50;4.462.000,00;71,28%
2018-02-22;ORIENTE;BATA;6,33;1.048.600,00;45,00%
2018-02-22;ORIENTE;CHUZA;0,54;212.600,00;15,87%
2018-02-22;ORIENTE;GUAVIO;8,82;2.088.800,00;45,02%
2018-02-22;RIOS ESTIMADOS;OTROS RIOS (ESTIMADOS);;7.762.200,00;88,51%
2018-02-22;VALLE;ALTOANCHICAYA;40,63;4.328.900,00;106,36%
2018-02-22;VALLE;CALIMA;9,07;406.000,00;96,67%
2018-02-22;VALLE;CAUCA SALVAJINA;265,69;6.277.700,00;185,73%
2018-02-22;VALLE;DIGUA;19,96;254.900,00;87,90%
2018-02-22;VALLE;FLORIDA II;13,44;268.800,00;179,20%